Unnamed: 0,ITEM_DESC,VENDOR,BRAND,VENDOR_CODE,UNIT,PACK,PER_PACK,PRICE,LAST_UPDATE,ACCOUNT,FLAG
0.0,"CUKES, ENGLISH",STAN SETAS,,2905,CASE,,,$24.95 ,2025-09-11,KITCHEN,
1.0,ACORN SQUASH,STAN SETAS,,4626,EACH,,,$2.65 ,2025-09-05,KITCHEN,
2.0,"APPLES, FUJI 72'S",STAN SETAS,,170,CASE,,,$58.50 ,2025-09-17,KITCHEN,
3.0,"APPLES, GRANNY SMITH 72'S",STAN SETAS,,235,EACH,,,$0.80 ,2025-09-11,KITCHEN,
4.0,"APPLES, GRANNY SMITH 72'S",STAN SETAS,,235,EACH,,, $-   ,2025-09-12,KITCHEN,
5.0,"ASPARAGUS, 11-LBS., LARGE",STAN SETAS,,2410,CASE,,,$54.50 ,2025-09-11,KITCHEN,
6.0,"ASPARAGUS, 11-LBS., LARGE",STAN SETAS,,2410,CASE,,, $-   ,2025-09-11,KITCHEN,
7.0,"ASPARAGUS, 11-LBS., LARGE",STAN SETAS,,2410,CASE,,,$54.50 ,2025-09-12,KITCHEN,
8.0,"ASPARAGUS, 11-LBS., LARGE",STAN SETAS,,2410,CASE,,,$54.50 ,2025-09-17,KITCHEN,
9.0,BABY ARTISAN LETTUCE CLAMSHELL,STAN SETAS,,0,CASE,,,$42.50 ,2025-09-11,KITCHEN,
10.0,BABY ARTISAN LETTUCE CLAMSHELL,STAN SETAS,,0,CASE,,, $-   ,2025-09-11,KITCHEN,
11.0,"BABY DILL, DOMESTIC 1-LB.",STAN SETAS,,0,CASE,,,$9.75 ,2025-09-13,KITCHEN,
12.0,BABY RAINBOW CARROTS W/TOPS,STAN SETAS,,0,CASE,,,$29.75 ,2025-09-09,KITCHEN,
13.0,BABY RAINBOW CARROTS W/TOPS,STAN SETAS,,0,CASE,,,$29.80 ,2025-09-12,KITCHEN,
14.0,"BANANAS, 10-LB. CHIQUITA",STAN SETAS,,586,CASE,,,$9.75 ,2025-09-09,KITCHEN,
15.0,"BANANAS, 10-LB. CHIQUITA",STAN SETAS,,586,CASE,,,$9.75 ,2025-09-12,KITCHEN,
16.0,"BANANAS, 10-LB. CHIQUITA",STAN SETAS,,586,CASE,,,$9.75 ,2025-09-04,KITCHEN,
17.0,"BASIL, DOMESTIC 1-LB.",STAN SETAS,,5035,CASE,,,$8.75 ,2025-09-16,KITCHEN,
18.0,"BASIL, DOMESTIC 1-LB.",STAN SETAS,,5035,CASE,,,$8.75 ,2025-09-06,KITCHEN,
19.0,"BEANS, GREEN TRIMED 2/5#",STAN SETAS,,2490,CASE,,,$36.50 ,2025-09-09,KITCHEN,
20.0,"BEANS, GREEN TRIMED 2/5#",STAN SETAS,,2490,CASE,,,$36.50 ,2025-09-03,KITCHEN,
21.0,"BEANS, GREEN TRIMED 2/5#",STAN SETAS,,2490,CASE,,,$36.50 ,2025-09-04,KITCHEN,
22.0,"BLACKBERRIES, DRISCOL 6/12OZ.",STAN SETAS,,0,CASE,,,$38.50 ,2025-09-12,KITCHEN,
23.0,"BLACKBERRIES, DRISCOLL 12/20OZ",STAN SETAS,,0,CASE,,,$22.75 ,2025-09-10,KITCHEN,
24.0,"BLACKBERRIES, DRISCOLL, 12/6OZ",STAN SETAS,,640,CASE,,,$42.50 ,2025-09-16,KITCHEN,
25.0,"BLACKBERRIES, DRISCOLL, 12/6OZ",STAN SETAS,,640,CASE,,,$38.50 ,2025-09-06,KITCHEN,
26.0,"BLUEBERRIES, DRISCOLL 12/20OZ.",STAN SETAS,,0,CASE,,,$46.50 ,2025-09-14,KITCHEN,
27.0,"BLUEBERRIES, PERUVIAN 6/28OZ.",STAN SETAS,,0,CASE,,,$46.50 ,2025-09-09,KITCHEN,
28.0,"BLUEBERRIES, PERUVIAN JUMBO",STAN SETAS,,0,CASE,,,$46.50 ,2025-09-16,KITCHEN,
29.0,"BROCCOLI CROWNS, 20-LBS.",STAN SETAS,,2530,CASE,,,$36.50 ,2025-09-12,KITCHEN,
30.0,"BROCCOLI CROWNS, 20-LBS.",STAN SETAS,,2530,CASE,,,$42.50 ,2025-09-17,KITCHEN,
31.0,"BROCCOLI CROWNS, 20-LBS.",STAN SETAS,,2530,CASE,,,$36.50 ,2025-09-04,KITCHEN,
32.0,BRUSSEL SPROUTS,STAN SETAS,,5970,LB,,,$2.95 ,2025-09-12,KITCHEN,
33.0,BUTTERNUT SQUASH,STAN SETAS,,4625,EACH,,,$2.75 ,2025-09-12,KITCHEN,
34.0,BUTTERNUT SQUASH,STAN SETAS,,4625,EACH,,,$2.95 ,2025-09-16,KITCHEN,
35.0,"CANTALOUPES, 9'S",STAN SETAS,,1205,CASE,,,$36.50 ,2025-09-11,KITCHEN,
36.0,"CANTALOUPES, 9'S",STAN SETAS,,1205,EACH,,,$4.75 ,2025-09-05,KITCHEN,
37.0,"CARROTS, BABY PEELED W/ TOPS",STAN SETAS,,2695,CASE,,,$29.80 ,2025-09-11,KITCHEN,
38.0,"CARROTS, LOOSE 25#",STAN SETAS,,2670,LB,,,$1.25 ,2025-09-03,KITCHEN,
39.0,"CAULIFLOWER, CELLO, 12'S",STAN SETAS,,2740,EACH,,,$2.95 ,2025-09-11,KITCHEN,
40.0,"CAULIFLOWER, CELLO, 12'S",STAN SETAS,,2740,EACH,,,$2.95 ,2025-09-12,KITCHEN,
41.0,"CAULIFLOWER, CELLO, 12'S",STAN SETAS,,2740,EACH,,,$3.75 ,2025-09-16,KITCHEN,
42.0,"CAULIFLOWER, CELLO, 12'S",STAN SETAS,,2740,EACH,,,$3.75 ,2025-09-17,KITCHEN,
43.0,"CAULIFLOWER, CELLO, 12'S",STAN SETAS,,2740,EACH,,,$3.75 ,2025-09-03,KITCHEN,
44.0,"CHIVES, DOMESTIC 1-LB.",STAN SETAS,,5060,CASE,,,$12.75 ,2025-09-10,KITCHEN,
45.0,"CHIVES, DOMESTIC 1-LB.",STAN SETAS,,5060,CASE,,,$12.75 ,2025-09-03,KITCHEN,
46.0,CILANTRO 30CT.,STAN SETAS,,5080,EACH,,,$2.25 ,2025-09-11,KITCHEN,
47.0,CILANTRO 30CT.,STAN SETAS,,5080,EACH,,,$2.25 ,2025-09-12,KITCHEN,
48.0,CILANTRO 30CT.,STAN SETAS,,5080,EACH,,,$2.25 ,2025-09-17,KITCHEN,
49.0,CILANTRO 30CT.,STAN SETAS,,5080,EACH,,,$2.25 ,2025-09-06,KITCHEN,
50.0,"CILANTRO, CALIFORNIA 60CT.",STAN SETAS,,5081,EACH,,,$2.25 ,2025-09-10,KITCHEN,
51.0,"CORN, COB BICOLOR",STAN SETAS,,2850,EACH,,,$0.75 ,2025-09-06,KITCHEN,
52.0,"CUKES, ENGLISH",STAN SETAS,,2905,CASE,,,$24.95 ,2025-09-11,KITCHEN,
53.0,"CUKES, ENGLISH",STAN SETAS,,2905,CASE,,,$24.95 ,2025-09-16,KITCHEN,
54.0,"CUKES, ENGLISH",STAN SETAS,,2905,CASE,,,$24.95 ,2025-09-03,KITCHEN,
55.0,"CUKES, ENGLISH",STAN SETAS,,2905,CASE,,,$24.95 ,2025-09-04,KITCHEN,
56.0,"CUKES, ENGLISH",STAN SETAS,,2905,CASE,,,$24.95 ,2025-09-05,KITCHEN,
57.0,"GREEN ONIONS, ICELESS 4/2-LB.",STAN SETAS,,4330,EACH,,,$8.75 ,2025-09-09,KITCHEN,
58.0,"GREEN ONIONS, ICELESS 4/2-LB.",STAN SETAS,,4330,EACH,,,$8.75 ,2025-09-17,KITCHEN,
59.0,HEIRLOOM MEDLEY GRAPE TOMATOES,STAN SETAS,,4787,CASE,,,$36.50 ,2025-09-17,KITCHEN,
60.0,HEIRLOOM MEDLEY GRAPE TOMATOES,STAN SETAS,,4787,CASE,,,$38.50 ,2025-09-03,KITCHEN,
61.0,HEIRLOOM MEDLEY GRAPE TOMATOES,STAN SETAS,,4787,CASE,,,$38.50 ,2025-09-06,KITCHEN,
62.0,"HERICOT, VERT FRENCH BEANS, 10#",STAN SETAS,,0,CASE,,,$46.50 ,2025-09-11,KITCHEN,
63.0,"HONEYDEW MELONS, 6'S",STAN SETAS,,1280,CASE,,,$32.50 ,2025-09-11,KITCHEN,
64.0,"HONEYDEW MELONS, 6'S",STAN SETAS,,1280,EACH,,,$5.75 ,2025-09-05,KITCHEN,
65.0,"HYDRO BIBB LETTUCE, 12CT CLAMS",STAN SETAS,,5679,CASE,,,$36.50 ,2025-09-11,KITCHEN,
66.0,"HYDRO BIBB LETTUCE, 12CT CLAMS",STAN SETAS,,5679,CASE,,,$36.50 ,2025-09-16,KITCHEN,
67.0,"HYDRO BIBB LETTUCE, 12CT CLAMS",STAN SETAS,,5679,CASE,,,$36.50 ,2025-09-06,KITCHEN,
68.0,LEEKS,STAN SETAS,,3175,EACH,,,$4.75 ,2025-09-10,KITCHEN,
69.0,LEEKS,STAN SETAS,,3175,EACH,,,$4.75 ,2025-09-12,KITCHEN,
70.0,LEEKS,STAN SETAS,,3175,EACH,,,$4.75 ,2025-09-17,KITCHEN,
71.0,"LEMONS, SUNKIST 115'S",STAN SETAS,,1090,CASE,,,$48.50 ,2025-09-17,KITCHEN,
72.0,"LIMES, 48'S",STAN SETAS,,1115,CASE,,,$24.95 ,2025-09-11,KITCHEN,
73.0,"LIMES, 48'S",STAN SETAS,,1115,CASE,,,$26.95 ,2025-09-14,KITCHEN,
74.0,"LIMES, 48'S",STAN SETAS,,1115,CASE,,,$24.95 ,2025-09-17,KITCHEN,
75.0,"MANGOS, 10'S",STAN SETAS,,1155,EACH,,,$2.65 ,2025-09-11,KITCHEN,
76.0,"MANGOS, 10'S",STAN SETAS,,1155,EACH,,,$2.65 ,2025-09-05,KITCHEN,
77.0,"MUSHROOMS, CRIMINI",STAN SETAS,,3450,CASE,,,$24.95 ,2025-09-10,KITCHEN,
78.0,"MUSHROOMS, CRIMINI",STAN SETAS,,3450,CASE,,,$24.95 ,2025-09-11,KITCHEN,
79.0,"MUSHROOMS, CRIMINI",STAN SETAS,,3450,CASE,,,$26.95 ,2025-09-14,KITCHEN,
80.0,"MUSHROOMS, MEDIUM 10#",STAN SETAS,,3415,CASE,,,$29.80 ,2025-09-14,KITCHEN,
81.0,"MUSHROOMS, MEDIUM 10#",STAN SETAS,,3415,CASE,,,$29.80 ,2025-09-03,KITCHEN,
82.0,"MUSHROOMS, OYSTER",STAN SETAS,,3465,CASE,,,$36.50 ,2025-09-11,KITCHEN,
83.0,"MUSHROOMS, OYSTER",STAN SETAS,,3465,CASE,,,$36.50 ,2025-09-11,KITCHEN,
84.0,"MUSHROOMS, OYSTER",STAN SETAS,,3465,CASE,,,$36.50 ,2025-09-12,KITCHEN,
85.0,"MUSHROOMS, OYSTER",STAN SETAS,,3465,CASE,,,$36.50 ,2025-09-13,KITCHEN,
86.0,"MUSHROOMS, OYSTER",STAN SETAS,,3465,CASE,,,$36.50 ,2025-09-14,KITCHEN,
87.0,"MUSHROOMS, OYSTER",STAN SETAS,,3465,CASE,,,$36.50 ,2025-09-03,KITCHEN,
88.0,"MUSHROOMS, PORTABELLA LARGE",STAN SETAS,,3485,CASE,,,$26.95 ,2025-09-03,KITCHEN,
89.0,NAPPA CABBAGE,STAN SETAS,,4965,EACH,,,$4.75 ,2025-09-13,KITCHEN,
90.0,"ONIONS, COLOSSAL 50#",STAN SETAS,,3620,CASE,,,$32.50 ,2025-09-04,KITCHEN,
91.0,"ONIONS, RED JUMBO 25#",STAN SETAS,,3655,CASE,,,$36.95 ,2025-09-09,KITCHEN,
92.0,"ORANGES, SUNKIST 72'S",STAN SETAS,,1665,CASE,,,$42.50 ,2025-09-14,KITCHEN,
93.0,"OREGANO, DOMESTIC 1-LB.",STAN SETAS,,5135,CASE,,,$9.75 ,2025-09-03,KITCHEN,
94.0,ORGANIC BABY ARUGULA 8/6OZ.,STAN SETAS,,0,CASE,,,$32.50 ,2025-09-04,KITCHEN,
95.0,ORGANIC BABY ARUGULA 8/6OZ.,STAN SETAS,,0,CASE,,,$32.50 ,2025-09-06,KITCHEN,
96.0,ORGANIC SPRING MIX,STAN SETAS,,5616,CASE,,,$16.75 ,2025-09-10,KITCHEN,
97.0,ORGANIC SPRING MIX,STAN SETAS,,5616,CASE,,,$16.75 ,2025-09-11,KITCHEN,
98.0,ORGANIC SPRING MIX,STAN SETAS,,5616,CASE,,,$46.75 ,2025-09-16,KITCHEN,
99.0,ORGANIC SPRING MIX,STAN SETAS,,5616,CASE,,,$16.75 ,2025-09-17,KITCHEN,
100.0,ORGANIC SPRING MIX,STAN SETAS,,5616,CASE,,,$16.75 ,2025-09-03,KITCHEN,
101.0,ORGANIC SPRING MIX,STAN SETAS,,5616,CASE,,,$16.75 ,2025-09-04,KITCHEN,
102.0,ORGANIC SPRING MIX,STAN SETAS,,5616,CASE,,,$16.75 ,2025-09-05,KITCHEN,
103.0,"PARSLEY, ITALIAN",STAN SETAS,,3745,EACH,,,$2.25 ,2025-09-11,KITCHEN,
104.0,"PARSLEY, ITALIAN",STAN SETAS,,3745,EACH,,,$2.25 ,2025-09-13,KITCHEN,
105.0,"PARSLEY, ITALIAN",STAN SETAS,,3745,EACH,,,$2.25 ,2025-09-16,KITCHEN,
106.0,"PARSLEY, ITALIAN",STAN SETAS,,3745,EACH,,,$2.25 ,2025-09-05,KITCHEN,
107.0,"PARSLEY, ITALIAN",STAN SETAS,,3745,EACH,,,$2.25 ,2025-09-06,KITCHEN,
108.0,"PEARS, D' ANJOU 70'S",STAN SETAS,,1965,EACH,,,$0.80 ,2025-09-03,KITCHEN,
109.0,"PEAS, SUGAR SNAP",STAN SETAS,,3805,CASE,,,$46.50 ,2025-09-13,KITCHEN,
110.0,"PEAS, SUGAR SNAP",STAN SETAS,,3805,CASE,,,$46.50 ,2025-09-05,KITCHEN,
111.0,"PEPPERS, HOLLAND RED",STAN SETAS,,3870,CASE,,,$32.50 ,2025-09-11,KITCHEN,
112.0,"PEPPERS, HOLLAND RED",STAN SETAS,,3870,CASE,,,$36.50 ,2025-09-03,KITCHEN,
113.0,"PEPPERS, HOLLAND YELLOW",STAN SETAS,,3875,CASE,,,$36.50 ,2025-09-09,KITCHEN,
114.0,"PEPPERS, JALAPENO 20-LB.",STAN SETAS,,3890,LB,,,$2.95 ,2025-09-10,KITCHEN,
115.0,"PEPPERS, JALAPENO 20-LB.",STAN SETAS,,3890,LB,,,$2.65 ,2025-09-17,KITCHEN,
116.0,"PINEAPPLE, GOLDEN RIPE 6'S",STAN SETAS,,2231,CASE,,,$32.50 ,2025-09-10,KITCHEN,
117.0,"PINEAPPLE, GOLDEN RIPE 6'S",STAN SETAS,,2231,CASE,,,$32.50 ,2025-09-11,KITCHEN,
118.0,"PINEAPPLE, GOLDEN RIPE 6'S",STAN SETAS,,2231,CASE,,,$32.50 ,2025-09-16,KITCHEN,
119.0,"PINEAPPLE, GOLDEN RIPE 6'S",STAN SETAS,,2231,CASE,,,$32.50 ,2025-09-05,KITCHEN,
120.0,"POTATOES, FINGERLING 10#",STAN SETAS,,4080,LB,,,$2.75 ,2025-09-09,KITCHEN,
121.0,"POTATOES, FINGERLING 10#",STAN SETAS,,4080,LB,,,$2.75 ,2025-09-11,KITCHEN,
122.0,"POTATOES, FINGERLING 10#",STAN SETAS,,4080,LB,,,$2.75 ,2025-09-16,KITCHEN,
123.0,"POTATOES, IDAHO 90#",STAN SETAS,,4125,CASE,,,$32.50 ,2025-09-11,KITCHEN,
124.0,"POTATOES, IDAHO 90#",STAN SETAS,,4125,CASE,,,$32.50 ,2025-09-16,KITCHEN,
125.0,"POTATOES, IDAHO 90#",STAN SETAS,,4125,CASE,,,$32.50 ,2025-09-03,KITCHEN,
126.0,"POTATOES, IDAHO 90#",STAN SETAS,,4125,CASE,,,$32.50 ,2025-09-04,KITCHEN,
127.0,"POTATOES, RED B CHOICE",STAN SETAS,,4025,LB,,,$1.25 ,2025-09-05,KITCHEN,
128.0,"POTATOES, YUKON GOLD A",STAN SETAS,,4200,CASE,,,$48.50 ,2025-09-17,KITCHEN,
129.0,"RASPBERRIES, DRISCOLL, 12/6OZ.",STAN SETAS,,655,CASE,,,$42.50 ,2025-09-12,KITCHEN,
130.0,"RASPBERRIES, DRISCOLL, 12/6OZ.",STAN SETAS,,655,CASE,,,$42.50 ,2025-09-14,KITCHEN,
131.0,"RASPBERRIES, DRISCOLL, 12/6OZ.",STAN SETAS,,655,CASE,,,$42.50 ,2025-09-06,KITCHEN,
132.0,"RED SEEDLESS GRAPES, 6/3#",STAN SETAS,,0,EACH,,,$8.75 ,2025-09-16,KITCHEN,
133.0,"ROMAINE HEARTS, 12/3 CT.",STAN SETAS,,3350,CASE,,,$42.50 ,2025-09-09,KITCHEN,
134.0,"ROMAINE HEARTS, 12/3 CT.",STAN SETAS,,3350,CASE,,,$42.50 ,2025-09-16,KITCHEN,
135.0,"ROMAINE HEARTS, 12/3 CT.",STAN SETAS,,3350,CASE,,,$42.50 ,2025-09-03,KITCHEN,
136.0,"ROMAINE HEARTS, 12/3 CT.",STAN SETAS,,3350,CASE,,,$42.50 ,2025-09-04,KITCHEN,
137.0,"ROMAINE, PREMIUM 24'S",STAN SETAS,,3335,CASE,,,$36.50 ,2025-09-12,KITCHEN,
138.0,"ROSEMARY, DOMESTIC 1-LB.",STAN SETAS,,5155,CASE,,,$9.75 ,2025-09-09,KITCHEN,
139.0,"SPEARMINT, DOMESTIC 1-LB",STAN SETAS,,0,CASE,,,$9.75 ,2025-09-12,KITCHEN,
140.0,"SPEARMINT, DOMESTIC 1-LB",STAN SETAS,,0,CASE,,,$9.75 ,2025-09-13,KITCHEN,
141.0,"SPINACH, BABY 4 LB.",STAN SETAS,,4360,CASE,,,$19.75 ,2025-09-10,KITCHEN,
142.0,"SPINACH, BABY 4 LB.",STAN SETAS,,4360,CASE,,,$19.75 ,2025-09-04,KITCHEN,
143.0,"SPINACH, BABY 4 LB.",STAN SETAS,,4360,CASE,,,$19.75 ,2025-09-05,KITCHEN,
144.0,"SPINACH, BABY 4 LB.",STAN SETAS,,4360,CASE,,,$19.75 ,2025-09-06,KITCHEN,
145.0,"SQUASH, YELLOW FANCY",STAN SETAS,,4520,CASE,,,$32.50 ,2025-09-03,KITCHEN,
146.0,"STRAWBERRIES, DRISCOLL",STAN SETAS,,690,CASE,,,$32.50 ,2025-09-09,KITCHEN,
147.0,"STRAWBERRIES, DRISCOLL",STAN SETAS,,690,CASE,,,$32.50 ,2025-09-12,KITCHEN,
148.0,"STRAWBERRIES, DRISCOLL",STAN SETAS,,690,CASE,,,$32.50 ,2025-09-14,KITCHEN,
149.0,"STRAWBERRIES, DRISCOLL",STAN SETAS,,690,CASE,,,$29.80 ,2025-09-04,KITCHEN,
150.0,"STRAWBERRIES, DRISCOLL",STAN SETAS,,690,CASE,,,$32.50 ,2025-09-06,KITCHEN,
151.0,"THYME, DOMESTIC 1-LB.",STAN SETAS,,5235,CASE,,,$9.75 ,2025-09-12,KITCHEN,
152.0,"THYME, DOMESTIC 1-LB.",STAN SETAS,,5235,CASE,,,$9.75 ,2025-09-04,KITCHEN,
153.0,TOMATILLOS,STAN SETAS,,4565,LB,,,$2.65 ,2025-09-10,KITCHEN,
154.0,TOMATILLOS,STAN SETAS,,4565,LB,,,$2.75 ,2025-09-11,KITCHEN,
155.0,TOMATILLOS,STAN SETAS,,4565,LB,,,$2.65 ,2025-09-04,KITCHEN,
156.0,"TOMATOES, 5X6 25#",STAN SETAS,,4595,CASE,,,$36.50 ,2025-09-10,KITCHEN,
157.0,"TOMATOES, 5X6 25#",STAN SETAS,,4595,CASE,,,$32.50 ,2025-09-17,KITCHEN,
158.0,"TOMATOES, 5X6 25#",STAN SETAS,,4595,CASE,,,$32.50 ,2025-09-06,KITCHEN,
159.0,"TOMATOES, GRAPE",STAN SETAS,,4670,CASE,,,$26.95 ,2025-09-13,KITCHEN,
160.0,"TOMATOES, GRAPE",STAN SETAS,,4670,CASE,,,$26.95 ,2025-09-16,KITCHEN,
161.0,"TOMATOES, GRAPE",STAN SETAS,,4670,CASE,,,$26.95 ,2025-09-03,KITCHEN,
162.0,"TOMATOES, GRAPE",STAN SETAS,,4670,CASE,,,$26.95 ,2025-09-04,KITCHEN,
163.0,"TOMATOES, GRAPE",STAN SETAS,,4670,CASE,,,$26.95 ,2025-09-05,KITCHEN,
164.0,"YUKON GOLD POTATOES, SIZE B",STAN SETAS,,0,LB,,,$1.25 ,2025-09-12,KITCHEN,
165.0,"ZUCCHINI, FANCY",STAN SETAS,,4545,CASE,,,$29.80 ,2025-09-03,KITCHEN,
166.0,BAGEL ASSORTED SLICED 3 OUNCE,SYSCO,BAKER'S SOURCE,7102253,CASE,15.0,6 CT,45.78,2025-09-24,BAKERY,
167.0,BAKLAVA CLASSIC PRESLICED,SYSCO,KRONOS CENTRAL,6843268,CASE,2.0,36 CT,62.95,2025-09-26,BAKERY,
168.0,BATTER MUFFIN BANANA NUT,SYSCO,PILLSBURY BAKERIES,1357847,CASE,6.0,3 LB,76.53,2025-09-26,BAKERY,
169.0,BATTER MUFFIN LEMON POPPYSEED,SYSCO,BAKER'S SOURCE,1795574,CASE,2.0,8 LB,49.22,2025-09-05,BAKERY,
170.0,BATTER MUFFING BLUEBERRY,SYSCO,PILLSBURY BAKERIES,1357854,CASE,6.0,3 LB,82.96,2025-09-26,BAKERY,
171.0,BEAN VANILLA PASTE QUART,SYSCO,NIELSON MASSEY,7012878,EACH,1.0,32 OZ,73.13,2025-07-04,BAKERY,
172.0,BREAD FOCACCIA HERB 1/2 SHEET,SYSCO,FIREKING BAKING,7633096,CASE,3.0,1 CT,29.73,2025-09-24,BAKERY,
173.0,BREAD WHEAT .56 INCH SLICED,SYSCO,BAKER'S SOURCE,488581,CASE,12.0,28 OZ,41.09,2025-08-19,BAKERY,
174.0,BREAD WHITE .563 INCH SLICED,SYSCO,BAKER'S SOURCE,2473425,CASE,12.0,28 OZ,44.01,2025-09-12,BAKERY,
175.0,BREADSTICK WHITE 7 INCH - 8 INCH,SYSCO,BAKER'S SOURCE,2451197,CASE,12.0,12 CT,35.47,2025-09-26,BAKERY,
176.0,CAKE CARROT GOURMET 14 CUT 9 INCH,SYSCO,IMPERIAL,6647804,CASE,2.0,96 OZ,73.86,2025-07-11,BAKERY,
177.0,CAKE CHOCOLATE MOUSSE,SYSCO,BROOKLYN CANNOLI,8381475,CASE,1.0,3.5 LB,30.84,2025-09-26,BAKERY,
178.0,CAKE CHOCOLATE ULTIMATE 14 SLICE,SYSCO,IMPERIAL,234534,CASE,2.0,90 OZ,64.33,2025-09-26,BAKERY,
179.0,CAKE LEMON LECHE,SYSCO,IMPERIAL,7209187,CASE,2.0,8.2 LB,87.93,2025-09-26,BAKERY,
180.0,CAKE POUND,SYSCO,BAKER'S SOURCE,1617000,CASE,12.0,12 OZ,43.45,2025-09-26,BAKERY,
181.0,CAKE SHEET TUXEDO TRUFFLE MOUSSE,SYSCO,THE ORIGINAL CAKERIE CO,8554990,CASE,2.0,185 OZ,151.57,2025-09-19,BAKERY,
182.0,CHEESECAKE NEW YORK 16 CUT 10 INCH,SYSCO,IMPERIAL,6648901,CASE,2.0,64 OZ,45.4,2025-09-26,BAKERY,
183.0,"CHEESECAKES ASSORTED BUFFET 14 CUT 8""",SYSCO,CLASSIC,234419,CASE,4.0,30 OZ,52.38,2025-09-26,BAKERY,
184.0,CHOCOLATE CHIPS IMITATION 4000 COUNT,SYSCO,CLASSIC,5340948,CASE,1.0,10 LB,31.64,2025-10-03,BAKERY,
185.0,CHURRO PREEFRIED PLAIN,SYSCO,HOLA CHURRO,1243351,CASE,1.0,100 CT,50.65,2025-09-26,BAKERY,
186.0,COCOA POWDER 10-12% BUTTERFAT,SYSCO,CHEFS COMPANION,5874847,EACH,1.0,5 LB,50.52,2025-07-11,BAKERY,
187.0,COOKIE CHOCOLATE CHIP INDIVIDUALLY WRAPPED 2 OUNCE,SYSCO,BAKER'S SOURCE,105831,CASE,48.0,2 OZ,31.98,2025-07-11,BAKERY,
188.0,COOKIE SNICKERDOODLE GLUTEN-FREE INDIVIDUALLY WRAPPED,SYSCO,UDI'S HEALTHY FOODS,1491352,CASE,36.0,1.8 OZ,37.7,2025-07-15,BAKERY,
189.0,CRACKER GRAHAM HONEY,SYSCO,KELLOGG'S,4008116,CASE,1.0,10 LB,37.74,2025-07-11,BAKERY,
190.0,CROISSANT MARGARINE CURVED SLICED,SYSCO,BAKER'S SOURCE,9805649,CASE,4.0,18 CT,56.38,2025-08-08,BAKERY,
191.0,DESSERT BAR VARIETY 8-PACK 2 POUND TRAY,SYSCO,SWEET STREET,4290474,CASE,8.0,8 CT,140.9,2025-09-26,BAKERY,
192.0,DONUT CAKE CHOCOLATE GLAZED OLD FASHIONED,SYSCO,BAKER'S SOURCE,7125242,CASE,72.0,2.5 OZ,47.59,2025-09-26,BAKERY,
193.0,DONUT YEAST RING GLAZED,SYSCO,BAKER'S SOURCE,7125250,CASE,72.0,2.5 OZ,34.39,2025-09-24,BAKERY,
194.0,DOUGH COOKIE CARNIVAL 1.33 OUNCE,SYSCO,OTIS SPUNKMEYER,7523145,CASE,240.0,1.33 OZ,68.76,2025-09-24,BAKERY,
195.0,DOUGH COOKIE CHOCOLATE CHIP,SYSCO,BAKER'S SOURCE,7134864,CASE,108.0,3 OZ,65.43,2025-09-26,BAKERY,
196.0,DOUGH COOKIE CHOCOLATE CHIP,SYSCO,OTIS SPUNKMEYER,1412642,CASE,240.0,1.33 OZ,60.75,2025-09-05,BAKERY,
197.0,DOUGH COOKIE CHOCOLATE CHUNK,SYSCO,BEST MAID COOKIE,3105602,CASE,200.0,1.5 OZ,82.91,2025-08-22,BAKERY,
198.0,DOUGH COOKIE CRANBERRY WHITE CHOCOLATE,SYSCO,OTIS SPUNKMEYER,6206619,CASE,104.0,3 OZ,98.93,2025-09-26,BAKERY,
199.0,DOUGH COOKIE OATMEAL RAISIN,SYSCO,OTIS SPUNKMEYER,1412667,CASE,240.0,1.33 OZ,54.27,2025-08-26,BAKERY,
200.0,DOUGH COOKIE PEANUT BUTTER,SYSCO,OTIS SPUNKMEYER,1412683,CASE,240.0,1.33 OZ,57.1,2025-08-19,BAKERY,
201.0,DOUGH COOKIE SUGAR BATTER,SYSCO,OTIS SPUNKMEYER,1454479,CASE,240.0,1.33 OZ,54.14,2025-09-24,BAKERY,
202.0,DOUGH DANISH MINI SELECTION,SYSCO,SCHULSTAD,2437176,CASE,120.0,1.5 OZ,65.86,2025-09-17,BAKERY,
203.0,DOUGH ROLL CINNAMON FREEZER TO OVEN,SYSCO,PILLSBURY BAKERIES,1853845,CASE,200.0,1.5 OZ,68.88,2025-09-19,BAKERY,
204.0,ICE CREAM CHOCOLATE,SYSCO,ASHBY'S,2179905,CASE,1.0,3 GAL,35.13,2025-08-13,BAKERY,
205.0,ICE CREAM SCOOP VANILLA BEAN,SYSCO,BLUE BUNNY,7417779,CASE,36.0,4 OZ,33.33,2025-09-26,BAKERY,
206.0,ICE CREAM VANILLA PREMIUM,SYSCO,ASHBY'S,2471789,CASE,1.0,3 GAL,37.22,2025-08-08,BAKERY,
207.0,ICING BUTTERCREAM WHITE WITH ZERO-TRANS-FAT,SYSCO,RICH'S PRODUCTS,3911128,CASE,1.0,30 LB,99.6,2025-08-08,BAKERY,
208.0,ICING FONDANT WHITE ROLLING,SYSCO,AMERO FOODS,8486035,CASE,2.0,5 LB,58.51,2025-08-06,BAKERY,
209.0,PAN COATING PROFESSIONAL,SYSCO,SUPREME,5204383,CASE,6.0,16 OZ,42.28,2025-09-26,BAKERY,
210.0,"PIE APPLE OLD FASHIONED READY-TO-BAKE 10""",SYSCO,IMPERIAL,9789934,CASE,6.0,49 OZ,49.01,2025-09-26,BAKERY,
211.0,"PIE BANANA CREAM THAW & SERVE 10""",SYSCO,CLASSIC,9788936,CASE,6.0,27 OZ,37.45,2025-09-12,BAKERY,
212.0,"PIE CHOCOLATE CREAM THAW & SERVE 10""",SYSCO,CLASSIC,9789686,CASE,6.0,27 OZ,38.13,2025-09-26,BAKERY,
213.0,PIE FRUIT FOREST MIXED READY-TO-BAKE OLD FASHIONED,SYSCO,IMPERIAL,9785601,CASE,6.0,48 OZ,69.16,2025-09-19,BAKERY,
214.0,PIE KEY LIME DEEP DISH 10 INCH 8 SCORE,SYSCO,KENNY'S GREAT PIES,4107247,CASE,4.0,36 OZ,66.56,2025-09-26,BAKERY,
215.0,"PIE LEMON MERENGUE THAW & SERVE 10""",SYSCO,IMPERIAL,9809153,CASE,4.0,46 OZ,43.64,2025-08-08,BAKERY,
216.0,PIE PEANUT BUTTER WITH REESE'S PIECES 14 CUT,SYSCO,IMPERIAL,6281497,CASE,2.0,88 OZ,69.35,2025-09-17,BAKERY,
217.0,"PIE PUMPKIN THAW & SERVE 10""",SYSCO,CLASSIC,9792771,CASE,6.0,43 OZ,42.38,2025-09-26,BAKERY,
218.0,PLATE FOAM UNLAMINATED WHITE 6 INCH,SYSCO,RELIANCE,8645753,CASE,8.0,125 CT,28.66,2025-07-11,BAKERY,
219.0,ROLL DINNER WHOLE GRAIN 1.125 OZ,SYSCO,FLOWERS SPECIALITY,2423238,CASE,8.0,24 CT,30.83,2025-09-19,BAKERY,
220.0,SPICE PEPPER SUPREME,SYSCO,IMPERIAL,1057983,CASE,1.0,21 OZ,33.35,2025-10-03,BAKERY,
221.0,APPETIZER FRANK IN PUFF PASTRY,SYSCO,IMPERIAL,6944334,CASE,2.0,50 CT,55.64,2025-09-10,KITCHEN,
222.0,APPETIZER SPANAKOPITA,SYSCO,IMPERIAL,6986178,CASE,5.0,20 CT,86.42,2025-09-30,KITCHEN,
223.0,APPETIZER VEGETABLE SPRING ROLL,SYSCO,JADE MOUNTAIN,4240331,CASE,3.0,48 CT,81.15,2025-09-29,KITCHEN,
224.0,APPLE FUJI EXTRA FANCY FRESH,SYSCO,PROPACK,7455116,CASE,1.0,100 CT,40.56,2025-07-09,KITCHEN,
225.0,APPLE SLICES IN WATER 6.5#,SYSCO,RELIANCE,4061875,CASE,6.0,#10,59.85,2025-07-09,KITCHEN,
226.0,ARTICHOKE HEARTS QUARTERS,SYSCO,IMPERIAL,4093373,CASE,1.0,2.5 KG,20.7,2025-09-30,KITCHEN,
227.0,AVOCADO HASS CHUNKY FRESH PACKAGED TRAY,SYSCO,CASA SOLANA,4897290,CASE,8.0,1 LB,52.78,2025-10-22,KITCHEN,
228.0,AVOCADO HASS FRESH HALVES INDIVIDUAL,SYSCO,CASA SOLANA,6297594,CASE,48.0,1.5 OZ,46.08,2025-09-29,KITCHEN,
229.0,BACON LAYFLAT 18-22 PER # SMOKED,SYSCO,RELIANCE,1073402,CASE,1.0,15 LB,88.63,2025-07-09,KITCHEN,
230.0,BACON LAYOUT APPLEWOOD,SYSCO,HORMEL,7557301,CASE,1.0,15 LB,83.27,2025-10-22,KITCHEN,
231.0,BAG PLASTIC HIGH DENSITY BUN PAN 27 X 37 ROLL PACK 13 MICRON,SYSCO,CLASSIC,4358958,CASE,1.0,200 CT,34.01,2025-09-17,KITCHEN,
232.0,BAG PLASTIC LOW DENSITY RECLOSABLE 2 GALLON 13,SYSCO,CLASSIC,7863662,CASE,1.0,100 CT,20.39,2025-10-03,KITCHEN,
233.0,BANANA FRESH GREEN TIP,SYSCO,PROPACK,1158542,CASE,1.0,40 LB,28.26,2025-07-09,KITCHEN,
234.0,BANANA FRESH GREEN TIP,SYSCO,PROPACK,1079383,CASE,1.0,10 LB,11.81,2025-07-08,KITCHEN,
235.0,BEAN BAKED SLOW COOKED,SYSCO,CLASSIC,8326872,CASE,6.0,#10,41.5,2025-08-18,KITCHEN,
236.0,BEAN BLACK,SYSCO,CASA SOLANA,5844220,CASE,6.0,#10,39.28,2025-09-26,KITCHEN,
237.0,BEAN FRENCH SNIPPED FRESH,SYSCO,IMPERIAL,8405956,CASE,5.0,1 LB,25.15,2025-07-30,KITCHEN,
238.0,BEAN GARBANZO FANCY NO SULFITE,SYSCO,CLASSIC,4062337,CASE,6.0,#10,42.2,2025-09-22,KITCHEN,
239.0,BEAN GREAT NORTHERN FANCY,SYSCO,BUSH BROTHERS,8129645,CASE,6.0,#10,35.8,2025-07-11,KITCHEN,
240.0,BEEF BONE FEMUR 3-4 INCHE FROZEN,SYSCO,BUCKHEAD PRIDE,6322648,LB,1.0,20 LB,2.194,2025-09-26,KITCHEN,
241.0,BEEF CHUCK SHORT RIB BONE-IN,SYSCO,CERTIFIED ANGUS BEEF,3735705,LB,4.0,4 PC,6.937,2025-07-29,KITCHEN,
242.0,BEEF CHUCK SHORT RIB BONELESS COOKED,SYSCO,LITTLE TOWN JERKY,7140938,LB,3.0,4 LB,13.023,2025-10-22,KITCHEN,
243.0,BEEF FLANK 193,SYSCO,CERTIFIED ANGUS BEEF,8754319,LB,8.0,10 LB,10.59,2025-08-08,KITCHEN,
244.0,BEEF FLANK STEAK,SYSCO,BUCKHEAD PRIDE,808564,LB,1.0,12 LB,12.79,2025-09-26,KITCHEN,
245.0,BEEF GROUND FINE 81% LEAN BULK CHUBS,SYSCO,FIRE RIVER FARMS,566838,LB,4.0,10 LB,5.086,2025-09-16,KITCHEN,
246.0,BEEF GROUND FINE 81% LEAN BULK CHUBS,SYSCO,FIRE RIVER FARMS,566709,LB,4.0,5 LB,5.031,2025-10-03,KITCHEN,
247.0,BEEF RIBEYE LIP-ON BONELESS,SYSCO,BUTCHER'S BLOCK,4230967,LB,3.0,14 LB,13.285,2025-09-26,KITCHEN,
248.0,BEEF SAUSAGE BRISKET BURNT END JALAPENO,SYSCO,LL RANCH,7248233,CASE,6.0,2 LB,71.37,2025-08-26,KITCHEN,
249.0,BLEACH CHLORINE LIQUID 5.25%,SYSCO,RELIANCE,1934027,CASE,6.0,128 OZ,19.54,2025-09-24,KITCHEN,
250.0,"BOX PIZZA 12""X12""",SYSCO,ARREZZIO,5787148,CASE,1.0,50 CT,24.54,2025-07-08,KITCHEN,
251.0,BREAD CRUMBS JAPANESE COARSE PANKO,SYSCO,CLASSIC,5495460,CASE,1.0,25 LB,43.8,2025-10-22,KITCHEN,
252.0,BREAD PITA PLAIN,SYSCO,KRONOS,1309863,CASE,12.0,10 CT,38.22,2025-09-24,KITCHEN,
253.0,BREAKFAST BAR NUTRI GRAIN RASPBERRY,SYSCO,KELLOGG'S,5529664,CASE,48.0,1.3 OZ,33.65,2025-07-11,KITCHEN,
254.0,BREAKFAST BAR NUTRI-GRAIN APPLE,SYSCO,KELLOGG'S,5523808,CASE,48.0,1.3 OZ,33.65,2025-07-11,KITCHEN,
255.0,BREAKFAST BAR NUTRI-GRAIN BLUEBERRY,SYSCO,KELLOGG'S,5523816,CASE,48.0,1.3 OZ,33.65,2025-07-11,KITCHEN,
256.0,BREAKFAST BAR NUTRI-GRAIN STRAWBERRY,SYSCO,KELLOGG'S,5523949,CASE,48.0,1.3 OZ,33.65,2025-07-11,KITCHEN,
257.0,BUTTER BALLS .25 OZ SALTED IN BAG,SYSCO,BUTTERBALL FARMS,91449,CASE,6.0,3 LB,93.01,2025-09-29,KITCHEN,
258.0,BUTTER BLEND CLARIFIED WITH VEGETABLE OIL,SYSCO,LAND O LAKES,5055110,CASE,2.0,8 LB,60.63,2025-10-22,KITCHEN,
259.0,BUTTER SOLID UNSALTED USDA AA,SYSCO,WHOLESOME FARMS,3031442,CASE,36.0,1 LB,100.52,2025-09-29,KITCHEN,
260.0,BUTTERMILK 1% CULTURED,SYSCO,WHOLESOME FARMS,5109107,CASE,9.0,0.5 GAL,24.08,2025-09-24,KITCHEN,
261.0,CARROTS BABY CUT PEELED SLIM,SYSCO,IMPERIAL,3597911,CASE,4.0,5 LB,37.5,2025-09-24,KITCHEN,
262.0,CARROTS BABY PEELED TRI-COLOR,SYSCO,PACKER,7680291,CASE,1.0,5 LB,33.19,2025-08-26,KITCHEN,
263.0,CARROTS BABY WITH TOPS HAND PEELED,SYSCO,PACKER,8339590,CASE,1.0,5 LB,31.39,2025-07-30,KITCHEN,
264.0,CARROTS ORGANIC RAINBOW SHREDDED,SYSCO,PACKER,3289446,CASE,2.0,5 LB,21.31,2025-09-24,KITCHEN,
265.0,CEREAL GRANOLA FRUIT BULKPAK,SYSCO,NATURE VALLEY,6045371,CASE,4.0,50 OZ,50.57,2025-09-19,KITCHEN,
266.0,CEREAL HOT OATMEAL VARIETY,SYSCO,QUAKER,1827433,CASE,64.0,.98 OZ,22.23,2025-09-22,KITCHEN,
267.0,CHEESE ASIAGO AGED HALF WHEEL,SYSCO,STELLA,1447473,LB,1.0,11 LB,4.642,2025-08-29,KITCHEN,
268.0,CHEESE BLUE CRUMBLE STYLE CHUNK,SYSCO,IMPERIAL,1012327,CASE,1.0,5 LB,25.69,2025-08-27,KITCHEN,
269.0,CHEESE CHEDDAR MILD FANCY SHREDDED,SYSCO,CASA SOLANA,2822338,CASE,4.0,5 LB,56.36,2025-09-26,KITCHEN,
270.0,CHEESE CHEDDAR MILD SLICED INTERLEAFED .75 OUN,SYSCO,BLOCK & BARREL,3546369,CASE,8.0,1.5 LB,40.81,2025-09-09,KITCHEN,
271.0,CHEESE CHEDDAR SHARP FEATHER SHREDDED WHITE,SYSCO,BLOCK & BARREL,2825061,CASE,4.0,5 LB,59.85,2025-08-15,KITCHEN,
272.0,CHEESE CHEDDAR SMOKED 2.25 LB,SYSCO,PACKER,8009714,LB,2.0,2 CT,4.621,2025-09-16,KITCHEN,
273.0,CHEESE COTTAGE SMALL CURD 2%,SYSCO,WHOLESOME FARMS,8953028,CASE,2.0,5 LB,24.78,2025-08-27,KITCHEN,
274.0,CHEESE COTTAGE SMALL CURD 4%,SYSCO,WHOLESOME FARMS,5440201,CASE,4.0,5 LB,47.02,2025-07-16,KITCHEN,
275.0,CHEESE CREAM BULK,SYSCO,WHOLESOME FARMS,1161181,CASE,1.0,30 LB,81.03,2025-07-22,KITCHEN,
276.0,CHEESE CREAM LIGHT CUP,SYSCO,WHOLESOME FARMS,6261713,CASE,100.0,1 OZ,26.1,2025-09-29,KITCHEN,
277.0,CHEESE CUBE SWISS CHEDDAR PEPPER JACK,SYSCO,BLOCK & BARREL,7222414,CASE,6.0,2 LB,44.92,2025-10-22,KITCHEN,
278.0,CHEESE CUBED CHEDDAR SWISS PEPPER JACK,SYSCO,BLOCK & BARREL,248807,CASE,3.0,5 LB,60.95,2025-07-09,KITCHEN,
279.0,CHEESE FONTINA WHOLE RED WAX USA,SYSCO,ARREZZIO,4069870,LB,1.0,10 LB,6.023,2025-08-27,KITCHEN,
280.0,CHEESE GOAT LOG CHEVRE,SYSCO,BLOCK & BARREL,1140427,CASE,12.0,10.5 OZ,59.59,2025-09-12,KITCHEN,
281.0,CHEESE GRUYERE KING CUTS,SYSCO,BLOCK & BARREL,4507966,LB,2.0,7 LB,6.579,2025-08-27,KITCHEN,
282.0,CHEESE MOZZARELLA CILIEGEN FRESH,SYSCO,ARREZZIO,2491751,CASE,2.0,3 LB,33.48,2025-09-23,KITCHEN,
283.0,CHEESE MOZZARELLA STRING,SYSCO,ARREZZIO,4384214,CASE,168.0,1 OZ,42.07,2025-07-25,KITCHEN,
284.0,CHEESE MUENSTER RED RIND,SYSCO,BLOCK & BARREL,2388205,LB,1.0,6 LB,3.548,2025-08-20,KITCHEN,
285.0,CHEESE PARMESAN SHREDDED FANCY,SYSCO,ARREZZIO,873301,CASE,4.0,5 LB,109.08,2025-09-29,KITCHEN,
286.0,CHEESE RICOTTA UNWHIPPED PART SKIM,SYSCO,IMPERIAL,1012285,CASE,2.0,5 LB,27.6,2025-07-09,KITCHEN,
287.0,CHEESE SPREAD GARLIC & HERB EUROCREME,SYSCO,LIFE & PROVENCE,2520415,CASE,2.0,4 LB,43.15,2025-09-26,KITCHEN,
288.0,CHEESE SWISS SANDWICH CUT GRADE C,SYSCO,BLOCK & BARREL,2822437,LB,2.0,8 LB,3.557,2025-08-29,KITCHEN,
289.0,CHEESE SWISS SLICED .75 OUNCE,SYSCO,BLOCK & BARREL,3554569,CASE,8.0,1.5 LB,48.32,2025-09-26,KITCHEN,
290.0,CHERRY DRIED,SYSCO,IMPERIAL,7102205,CASE,1.0,5 LB,53.97,2025-07-11,KITCHEN,
291.0,CHERRY DRIED TART WHOLE,SYSCO,TRAVERSE BAY DRIED FRUIT,7393839,CASE,1.0,4 LB,34.47,2025-09-22,KITCHEN,
292.0,CHERRY MARASCHINO WITH STEMS LARGE IN PLASTIC JAR,SYSCO,IMPERIAL,5083944,CASE,6.0,.5 GAL,22.93,2025-09-19,KITCHEN,
293.0,CHICKEN BONELESSS SKINLESS BREAST 6OZ,SYSCO,COLEMAN NATURAL MEAT,1534452,CASE,4.0,5 LB,104,2025-08-05,KITCHEN,
294.0,CHICKEN BREAST CHUNKS TEMPURA,SYSCO,PIERCE (PILGRIMS PRIDE),5413606,CASE,2.0,5 LB,45.78,2025-09-29,KITCHEN,
295.0,CHICKEN CVP 8 PIECES CUT UP TRIMMED HALAL,SYSCO,CLASSIC,7220132,LB,16.0,3.5 LB,1.984,2025-08-22,KITCHEN,
296.0,CHICKEN CVP BONELESS SKINLESS BREAST 7.0 OUNCE NO ANTIBIOTICS EVER,SYSCO,COLEMAN NATURAL MEAT,7111928,CASE,4.0,5 LB,104,2025-07-18,KITCHEN,
297.0,CHICKEN CVP BREAST BONELESS-SKINLESS 5 OUNCE HALAL,SYSCO,CLASSIC,2166429,CASE,4.0,5 LB,109.51,2025-07-16,KITCHEN,
298.0,CHICKEN HALF OVEN ROASTED FRESH,SYSCO,BLOCK & BARREL,6421895,LB,8.0,2.5 LB,3.58,2025-08-15,KITCHEN,
299.0,CHICKEN TENDERS BREADED GOLDEN FLAT SMALL,SYSCO,CLASSIC,3928991,CASE,2.0,5 LB,48.47,2025-10-22,KITCHEN,
300.0,CHICKEN THIGH BONELESS SKINLESS,SYSCO,CLASSIC,7792187,CASE,4.0,10 LB,105.06,2025-09-24,KITCHEN,
301.0,CHIP POTATO REGULAR SINGLE SERVING,SYSCO,LAYS,5511175,CASE,104.0,1 OZ,47.25,2025-07-11,KITCHEN,
302.0,CHIP VARIETY FRITO LAY,SYSCO,LAYS,6586721,CASE,1.0,60 CT,43.28,2025-07-23,KITCHEN,
303.0,CHIP VARIETY POTATO TRADITIONAL,SYSCO,BLOCK & BARREL,6081071,CASE,80.0,1 OZ,44.61,2025-08-13,KITCHEN,
304.0,CLEANER COFFEE EQUIPMENT DIP IT XP,SYSCO,ECOLAB,7236517,CASE,6.0,2.33 LB,56.34,2025-07-11,KITCHEN,
305.0,CLEANER FLOOR SANITIZING WASH N WALK,SYSCO,ECOLAB,3325884,CASE,1.0,2.5 GAL,78.61,2025-09-16,KITCHEN,
306.0,COFFEE BEAN HOUSE BLEND BULK,SYSCO,CITAVO,7545589,CASE,6.0,2 LB,125.83,2025-07-28,KITCHEN,
307.0,COFFEE BEAN REGULAR ESPRESSO SUPREME,SYSCO,FERRIS COFFEE & NUT,6239523,CASE,1.0,5 LB,64.88,2025-09-09,KITCHEN,
308.0,COFFEE GROUND COLOMBIAN MEDIUM WITH FILTER,SYSCO,CITAVO,8322224,CASE,96.0,1.5 OZ,108.67,2025-08-22,KITCHEN,
309.0,CONTAINER MFPP 1 COMPARTMENT HINGED 9X9 INCH WHITE,SYSCO,EARTH PLUS,7064461,CASE,1.0,120 CT,36.29,2025-08-13,KITCHEN,
310.0,CONTAINER PAPER #2 TAKEOUT KRAFT,SYSCO,EARTH PLUS,1423328,CASE,2.0,70 CT,45.2,2025-09-29,KITCHEN,
311.0,CONTAINER PLASTIC CLEAR TOP/BLACK BOTTOM HINGED LID 10.5 X 9.5 1-COMPARTMENT,SYSCO,EARTH CHOICE,7136869,CASE,2.0,66 CT,101.16,2025-09-05,KITCHEN,
312.0,CONTAINER PLASTIC DELI TRANSLUCENT WITH LID,SYSCO,DELITAINER,8231967,CASE,240.0,8 OZ,38.74,2025-10-03,KITCHEN,
313.0,CONTAINER PLASTIC DELI TRANSLUCENT WITH LID,SYSCO,DELITAINER,8231512,CASE,240.0,32 OZ,63.98,2025-07-29,KITCHEN,
314.0,CONTAINER PLASTIC DELI TRANSLUCENT WITH LID,SYSCO,DELITAINER,8018838,CASE,240.0,16 OZ,41.53,2025-07-29,KITCHEN,
315.0,CONTAINER PLASTIC HINGED 1C 8.5X8.5,SYSCO,CLASSIC,7324917,CASE,3.0,50 CT,90.61,2025-08-29,KITCHEN,
316.0,CONTAINER PLASTIC HINGED BLACK/CLEAR 6 INCH X 6 INCH,SYSCO,CLASSIC,5329190,CASE,3.0,57 CT,40.56,2025-08-22,KITCHEN,
317.0,CORN WHOLE KERNEL GRADE A PACKAGED,SYSCO,CLASSIC,1435221,CASE,12.0,2.5 LB,56.78,2025-07-08,KITCHEN,
318.0,CORN WHOLE KERNEL WHITE SUPER SWEET,SYSCO,IMPERIAL,2510048,CASE,12.0,2.5 LB,63.53,2025-09-16,KITCHEN,
319.0,CRAB MEAT LUMP PASTEURIZED ASIA,SYSCO,SEA WINGS,5042393,CASE,6.0,1 LB,114.21,2025-07-23,KITCHEN,
320.0,CRACKER ASSORTED,SYSCO,PEPPERIDGE FARM,4200036,CASE,60.0,TRAYS,62.94,2025-10-22,KITCHEN,
321.0,CRACKER SALTINE 2 PER PACKET,SYSCO,HOUSE RECIPE,4204996,CASE,500.0,2 CT,24.57,2025-10-22,KITCHEN,
322.0,CREAM HEAVY 40%,SYSCO,WHOLESOME FARMS,6935464,CASE,12.0,32 OZ,70.41,2025-10-22,KITCHEN,
323.0,CREAM HEAVY WHIPPING 36%,SYSCO,WHOLESOME FARMS,4828802,CASE,12.0,32 OZ,64.38,2025-10-22,KITCHEN,
324.0,CREAM SOUR CULTURED GRADE A,SYSCO,WHOLESOME FARMS,5438874,CASE,4.0,5 LB,39.79,2025-10-22,KITCHEN,
325.0,CREAM SOUR CULTURED GRADE A,SYSCO,WHOLESOME FARMS,5020193,CASE,2.0,5 LB,19.34,2025-07-04,KITCHEN,
326.0,CREAMER COFFEE CITAVO FRENCH VANILLA,SYSCO,CITAVO,7100252,CASE,288.0,13 ML,22.44,2025-10-22,KITCHEN,
327.0,CREAMER COFFEE HAZELNUT ND,SYSCO,INTERNATIONAL DELIGHT,7441314,CASE,288.0,13 ML,26.17,2025-10-22,KITCHEN,
328.0,CREAMER HALF AND HALF,SYSCO,WHOLESOME FARMS,4686758,CASE,16.0,1 QT,34.77,2025-09-30,KITCHEN,
329.0,CREAMER NON-DAIRY CARAMEL MACCHIATO,SYSCO,INTERNATIONAL DELIGHT,7940998,CASE,288.0,13 ML,22.82,2025-10-22,KITCHEN,
330.0,CROUTON MULTIGRAIN CHEESE GARLIC HOMESTYLE ZERO TRANS FAT,SYSCO,CLASSIC,7762224,CASE,8.0,2.5 LB,63.93,2025-08-26,KITCHEN,
331.0,CUP PAPER COLD POLY-COATED 16 OUNCE,SYSCO,TRENDZ,1993726,CASE,24.0,50 CT,124.58,2025-10-22,KITCHEN,
332.0,CUP PAPER HOT PERFECTOUCH 12 OUNCE,SYSCO,PERFECTOUCH PAPER HOT CUP,8090268,CASE,20.0,50 CT,125.8,2025-10-22,KITCHEN,
333.0,CUP PLASTIC R PET CLEAR 16 OUNCE,SYSCO,EARTH PLUS,7064617,CASE,12.0,70 CT,64.72,2025-08-08,KITCHEN,
334.0,CUTLERY KIT KNIFE FORK SPOON NAPKIN SALT & PEPPER TOOTHPICK,SYSCO,GREEN2GO,7156042,CASE,1.0,300 CT,99.28,2025-07-08,KITCHEN,
335.0,DELIMER LIME-A-WAY,SYSCO,ECOLAB,3976277,CASE,4.0,1 GAL,44.73,2025-10-22,KITCHEN,
336.0,DETERGENT DISHWASH LEMON SCENT,SYSCO,DAWN DETERGENT,1823465,CASE,4.0,1 GAL,72.07,2025-10-22,KITCHEN,
337.0,DETERGENT MACHINE SOLID POWER XL,SYSCO,ECOLAB,8265585,CASE,4.0,9 LB,103.86,2025-09-30,KITCHEN,
338.0,DIP HUMMUS FRESH TRADITIONAL,SYSCO,GRECIAN DELIGHT,779593,CASE,2.0,0.5 GAL,31.88,2025-10-22,KITCHEN,
339.0,DOILY LACE ROUND WHITE 4 INCH,SYSCO,CLASSIC,9711565,CASE,1.0,2000 CT,54.6,2025-07-25,KITCHEN,
340.0,DRESSING CAESAR WITH EGG,SYSCO,IMPERIAL,5005327,CASE,4.0,1 GAL,120.26,2025-08-26,KITCHEN,
341.0,DRESSING FRENCH STYLE RED BANQUET,SYSCO,CLASSIC,5012893,EACH,1.0,1 GAL,19.71,2025-08-29,KITCHEN,
342.0,DRESSING ITALIAN GREGGORIO HOUSE,SYSCO,IMPERIAL,4945721,CASE,4.0,1 GAL,84.54,2025-09-26,KITCHEN,
343.0,DRESSING MIX RANCH BUTTERMILK NO MSG,SYSCO,HIDDEN VALLEY RANCH,6828448,CASE,12.0,3.2 OZ,48.07,2025-09-29,KITCHEN,
344.0,DRESSING RANCH ORIGINAL,SYSCO,HIDDEN VALLEY RANCH,5195847,CASE,4.0,1 GAL,67.72,2025-09-19,KITCHEN,
345.0,DRESSING RASPBERRY VINAIGRETTE,SYSCO,HIDDEN VALLEY RANCH,948737,CASE,4.0,1 GAL,71.81,2025-09-22,KITCHEN,
346.0,DRESSING VINAIGRETTE APPLE CIDER,SYSCO,KEN'S,8476732,EACH,1.0,1 GAL,20.81,2025-08-27,KITCHEN,
347.0,EGG HARDCOOKED PEELED DRY PACK,SYSCO,WHOLESOME FARMS,7199860,CASE,12.0,12 CT,35.44,2025-09-29,KITCHEN,
348.0,EGG LIQUID SCRAMBLED MIX CARTON,SYSCO,WHOLESOME FARMS,7200653,CASE,15.0,2 LB,38.93,2025-07-22,KITCHEN,
349.0,EGG SHELL WHITE LARGE,SYSCO,WHOLESOME FARMS,7208096,CASE,1.0,15 DZ,54.31,2025-09-22,KITCHEN,
350.0,EGG WHITE LIQUID WITH TRIETHYL CITRATE OPTIMUM,SYSCO,WHOLESOME FARMS,4803144,CASE,12.0,2 LB,32.05,2025-07-22,KITCHEN,
351.0,EGG WHOLE LIQUID FRESH WITH CITRIC ACID,SYSCO,WHOLESOME FARMS,2366607,CASE,15.0,2 LB,41.4,2025-10-22,KITCHEN,
352.0,FILM PVC 18 INCHX2000 FEET ROLL,SYSCO,CLASSIC,7435266,CASE,1.0,18 IN,27.06,2025-09-12,KITCHEN,
353.0,FILTER COFFEE PAPER ALTRA 15 INCH X 5 INCH US,SYSCO,STARBUCKS,205419,CASE,1.0,500 CT,29.16,2025-09-29,KITCHEN,
354.0,FLOOR SQUEEGEE WITH WOOD HANDLE,SYSCO,ACS INDUSTRIES,7149778,CASE,12.0,14 INCH,91.9,2025-07-29,KITCHEN,
355.0,FOIL ALUMINUM ROLL HEAVY WEIGHT 18X500,SYSCO,CLASSIC,6937767,CASE,1.0,18 IN,44.33,2025-08-26,KITCHEN,
356.0,FOIL SHEET 9 INCH X 10.75 INCH SILVER,SYSCO,CLASSIC,6938500,CASE,1.0,500 CT,17.17,2025-07-11,KITCHEN,
357.0,FRANKFURTER ALL-BEEF 6 PER POUND 6 INCH,SYSCO,BLOCK & BARREL,1970888,CASE,2.0,5 LB,48,2025-10-22,KITCHEN,
358.0,FUEL CANNED HEAT TWIST CAP CHAFING DISH FUEL 4 HOUR,SYSCO,SUPPLIES & EQUIPMENT,7094209,CASE,24.0,4 HR,49.36,2025-09-30,KITCHEN,
359.0,FUEL GAS BUTANE CANISTER,SYSCO,STERNO,2990402,CASE,12.0,8 OZ,28.17,2025-08-27,KITCHEN,
360.0,GARLIC PEELED FRESH,SYSCO,IMPERIAL,1821537,CASE,4.0,5 LB,43.45,2025-10-22,KITCHEN,
361.0,GLAZE BALSAMIC VINEGAR OF MODENA,SYSCO,ARREZZIO,651828,CASE,6.0,12.9 OZ,19.1,2025-07-16,KITCHEN,
362.0,GLOVE NITRILE FOODSERVICE POWDER FREE BLACK EX,SYSCO,CLASSIC,4685621,CASE,10.0,100 CT,66.92,2025-09-29,KITCHEN,
363.0,GLOVE NITRILE FOODSERVICE POWDER FREE BLACK SMALL,SYSCO,CLASSIC,4685576,CASE,10.0,100 CT,66.92,2025-07-15,KITCHEN,
364.0,GLOVE VINYL FOODSERVICE POWDER FREE EXTRA LARGE,SYSCO,CLASSIC,8399737,CASE,10.0,100 CT,43.96,2025-07-11,KITCHEN,
365.0,GLOVE VINYL FOODSERVICE POWDER FREE MEDIUM,SYSCO,RELIANCE,951998,CASE,10.0,100 CT,43.42,2025-08-15,KITCHEN,
366.0,GLOVE VINYL FOODSERVICE POWDER FREE SMALL,SYSCO,CLASSIC,5989864,CASE,4.0,100 CT,28.79,2025-07-22,KITCHEN,
367.0,HAM PROSCIUTTO COLOSSEUM DOMESTIC TRIMMED,SYSCO,ARREZZIO,2557379,LB,2.0,5.25 LB,7.89,2025-09-26,KITCHEN,
368.0,HOISIN SAUCE,SYSCO,LEE KUM KEE,4520623,CASE,1.0,5 LB,11.67,2025-09-29,KITCHEN,
369.0,HONEY PURE CUP,SYSCO,HOUSE RECIPE,3530128,CASE,200.0,12 G,56.83,2025-07-15,KITCHEN,
370.0,HONEY PURE LIGHT AMBER GRADE A TRUE SOURCE CERTIFIED IN JUG,SYSCO,RELIANCE,3374097,CASE,6.0,5 LB,,2025-09-03,KITCHEN,
371.0,ICE CREAM BAR FUDGE,SYSCO,BLUE RIBBON,7058869,CASE,48.0,3 OZ,20.11,2025-07-30,KITCHEN,
372.0,ICE CREAM BAR HOMEMADE VANILLA,SYSCO,BLUE RIBBON,1719806,CASE,2.0,24 CT,22.51,2025-07-30,KITCHEN,
373.0,ICE CREAM CHOCOLATE CUP 4 OUNCES,SYSCO,WHOLESOME FARMS,3412424,CASE,48.0,4 OZ,20.9,2025-07-16,KITCHEN,
374.0,ICE CREAM SANDWICH VANILLA,SYSCO,BLUE BUNNY,2577328,CASE,24.0,6 OZ,21.59,2025-07-30,KITCHEN,
375.0,ICE CREAM VANILLA CUP 4 OUNCES,SYSCO,WHOLESOME FARMS,3412410,CASE,48.0,4 OZ,20.9,2025-07-16,KITCHEN,
376.0,JELLY ASSORTED CUP GRAPE STRAWBERRY & MIXED FR,SYSCO,JM SMUCKER,4043899,CASE,200.0,.5 OZ,17.02,2025-07-15,KITCHEN,
377.0,JUICE APPLE CONCENTRATE 5:1 YIELD,SYSCO,SUNKIST,55493,CASE,3.0,3 LTR,130.94,2025-08-27,KITCHEN,
378.0,JUICE CONCENTRATE FROZEN CRANBERRY COCKTAIL 10%,SYSCO,SUNKIST,4185775,CASE,3.0,3 LTR,87.98,2025-09-29,KITCHEN,
379.0,JUICE CRANBERRY COCKTAIL 27%,SYSCO,CITAVO,4687562,CASE,8.0,64 OZ,48.26,2025-08-22,KITCHEN,
380.0,JUICE LEMON,SYSCO,REALEMON,8624161,CASE,8.0,48 OZ,33.36,2025-07-25,KITCHEN,
381.0,JUICE LEMON PLASTIC BOTTLE READY TO USE,SYSCO,CITAVO GROVE,475394,CASE,12.0,32 OZ,,2025-09-03,KITCHEN,
382.0,JUICE LIME PASTEURIZED ULTRA PREMIUM,SYSCO,NATURAL,3865730,CASE,6.0,1 QT,26.62,2025-09-29,KITCHEN,
383.0,JUICE ORANGE FROZEN CONCENTRATE,SYSCO,SUNKIST,55507,CASE,3.0,3 LTR,154.62,2025-10-22,KITCHEN,
384.0,JUICE VEGETABLE,SYSCO,V-8,4019139,CASE,12.0,46 OZ,,2025-09-03,KITCHEN,
385.0,KETCHUP FANCY,SYSCO,HOUSE RECIPE,5686266,CASE,6.0,#10,46.67,2025-09-24,KITCHEN,
386.0,KETCHUP SQUEEZE RED BOTTLE,SYSCO,HOUSE RECIPE,4560934,CASE,36.0,14 OZ,47.66,2025-07-15,KITCHEN,
387.0,LABEL ROLL UNIVERSAL PLASTIC 2 INCH X 2 INCH,SYSCO,KEYSTONE PRODUCTS,4218998,CASE,1.0,750 CT,19.22,2025-09-26,BAKERY,
388.0,LID PLASTIC TRANSLUCENT FOR 12-20 OUNCE CUP,SYSCO,CLASSIC,1993803,CASE,12.0,100 CT,67.56,2025-10-22,KITCHEN,
389.0,LID PLSATIC DOME BLACK 12/16/20/14,SYSCO,SOLO CUP,6461683,CASE,1.0,1000 CT,29.08,2025-08-27,KITCHEN,
390.0,LINER PAN QUILON TREATED 16X24,SYSCO,CLASSIC,6787774,CASE,1.0,1000 CT,70.66,2025-09-29,KITCHEN,
391.0,"LINER TRASH 40""X46""",SYSCO,RELIANCE,1763853,CASE,1.0,100 CT,34.88,2025-10-22,KITCHEN,
392.0,"LOBSTER LIVE 1.25# ""QUARTERS""",SYSCO,PORTICO,8733329,LB,1.0,6 CT,15.621,2025-07-24,KITCHEN,
393.0,LOBSTER MEAT SENSATIONS,SYSCO,MRS FRIDAY,4488276,CASE,6.0,2 LB,126.47,2025-09-26,KITCHEN,
394.0,LOBSTER TAIL NORTH ATLANTIC PREMIUM 4-5 OUNCE,SYSCO,PORTICO,2524965,CASE,1.0,10 LB,219.61,2025-07-25,KITCHEN,
395.0,MAYONNAISE HEAVY DUTY,SYSCO,RELIANCE,4002432,CASE,4.0,1 GAL,51.4,2025-09-30,KITCHEN,
396.0,MAYONNAISE HEAVY DUTY PAIL,SYSCO,RELIANCE,4002408,CASE,1.0,28 LB,49.84,2025-09-30,KITCHEN,
397.0,MILK 2%,SYSCO,WHOLESOME FARMS,4676280,CASE,4.0,1 GAL,18.9,2025-09-29,KITCHEN,
398.0,MILK COCONUT UNSWEETENED,SYSCO,JADE MOUNTAIN,1425982,CASE,24.0,13.5 OZ,46.76,2025-07-25,KITCHEN,
399.0,MOP HEAD BLEND LOOPED-END ALL PURPOSE LARGE,SYSCO,SUPPLIES CLASSIC,4179586,CASE,1.0,2 CT,17.6,2025-10-22,KITCHEN,
400.0,MUFFIN ENGLISH ORIGINAL 2 OZ,SYSCO,THOMAS,1535368,CASE,6.0,12 CT,26.06,2025-09-22,KITCHEN,
401.0,MUSSEL PRINCE EDWARD ISLAND,SYSCO,IMPERIAL,1058443,CASE,1.0,10 LB,32.39,2025-07-23,KITCHEN,
402.0,NAPKIN BEVERAGE 10X10 2P WHT FD,SYSCO,CLASSIC,7216177,CASE,12.0,250 CT,64.15,2025-08-27,KITCHEN,
403.0,NAPKIN DINNER 14.5 INCH X 14.5 INCH FINESSE,SYSCO,CLASSIC,1975063,CASE,1.0,1000 CT,65.01,2025-07-09,KITCHEN,
404.0,OIL OLIVE BLEND 80/20,SYSCO,ARREZZIO,5934302,CASE,6.0,1 GAL,75.63,2025-09-29,KITCHEN,
405.0,OIL OLIVE BLEND SAUTE 10L BAG IN BOX,SYSCO,LA PADELLA,3048935,EACH,1.0,10 LTR,62.93,2025-07-11,KITCHEN,
406.0,OIL OLIVE EXTRA VIRGIN 10 L BAG IN BOX,SYSCO,TRULY,255941,CASE,1.0,10 LB,138.34,2025-09-29,KITCHEN,
407.0,OLIVE KALAMATA PITTED PLASTIC KEG,SYSCO,IMPERIAL,5429766,CASE,4.0,4.4 LB,36.27,2025-09-26,KITCHEN,
408.0,ORANGE MANDARIN WHOLE SEGMENTS IN JUICE,SYSCO,SUPREME,8357873,CASE,6.0,#10,73.64,2025-07-04,KITCHEN,
409.0,ORANGES CHOICE FRESH,SYSCO,RELIANCE,7651967,CASE,1.0,138 CT,43.08,2025-07-25,KITCHEN,
410.0,PAN COATING CANOLA,SYSCO,IMPERIAL,7110474,CASE,6.0,17 OZ,42.34,2025-09-16,KITCHEN,
411.0,"PASTA CAPELLINI 10""",SYSCO,PASTA LABELLA,4862967,CASE,2.0,10 LB,26.7,2025-08-27,KITCHEN,
412.0,PASTA CAVATAPPI 100% DURUM WHEAT SEMOLINA,SYSCO,PASTA LABELLA,6040885,CASE,2.0,10 LB,26.78,2025-10-22,KITCHEN,
413.0,PASTA FARFALLE BOWTIE,SYSCO,BARILLA ITALIAN PASTA,8843195,CASE,2.0,10 LB,25,2025-09-26,KITCHEN,
414.0,PASTA LINGUINE 10 INCH,SYSCO,PASTA LABELLA,4862959,CASE,2.0,10 LB,25.98,2025-07-23,KITCHEN,
415.0,PASTA PENNE RIGATE GLUTEN FREE,SYSCO,BARILLA ITALIAN PASTA,4069926,CASE,8.0,12 OZ,20.73,2025-09-29,KITCHEN,
416.0,PASTA SHELL SMALL,SYSCO,PASTA LABELLA,4862777,CASE,2.0,10 LB,33.97,2025-08-18,KITCHEN,
417.0,PASTA SPAGHETTI,SYSCO,BARILLA ITALIAN PASTA,7967144,CASE,2.0,10 LB,25,2025-08-26,KITCHEN,
418.0,PEACH SLICED CHOICE EXTRA IN LIGHT SYRUP,SYSCO,CLASSIC,2182063,CASE,6.0,#10,71.3,2025-07-09,KITCHEN,
419.0,PEANUT BUTTER CREAMY CUP,SYSCO,HOUSE RECIPE,7211242,CASE,200.0,0.75 OZ,38.39,2025-07-09,KITCHEN,
420.0,PEANUT BUTTER CREAMY PET PLASTIC CONTAINER JAR,SYSCO,CLASSIC,9732967,EACH,1.0,5 LB,17.42,2025-07-04,KITCHEN,
421.0,"PEAS, SUGAR SNAP",SYSCO,PROPACK,1312743,CASE,1.0,10 LB,35.03,2025-09-12,KITCHEN,
422.0,PEPPER RED FIRE ROASTED STRIPS,SYSCO,ARREZZIO,5017918,CASE,12.0,28 OZ,66.32,2025-10-22,KITCHEN,
423.0,PICK SANDWICH BAMBOO KNOT 4 INCH,SYSCO,HANDGARD,2102038,CASE,10.0,100 CT,27.82,2025-08-12,KITCHEN,
424.0,PIZZA CRUST ROUND PREBAKED,SYSCO,SAN MARIO'S,2516557,CASE,12.0,12 IN,29.85,2025-07-08,KITCHEN,
425.0,PLACEMAT PAPER SCALLOPED EMBOSSED WHITE 10X14,SYSCO,CLASSIC,7808545,CASE,1.0,1000 CT,33.67,2025-10-22,KITCHEN,
426.0,PLASTIC CUTLERY EBONY FORKS,SYSCO,CLASSIC,8003370,CASE,1.0,1000 CT,33.45,2025-09-16,KITCHEN,
427.0,PLASTIC CUTLERY EBONY SPOONS,SYSCO,CLASSIC,8003418,CASE,1.0,1000 CT,29.22,2025-08-08,KITCHEN,
428.0,PLATE FOAM HEAVY LAMINATED BLACK 6 INCH,SYSCO,CLASSIC,1555251,CASE,8.0,125 CT,48.75,2025-08-13,KITCHEN,
429.0,PLATE FOAM HEAVY LAMINATED BLACK 9 INCH,SYSCO,CLASSIC,1555313,CASE,4.0,125 CT,53.55,2025-10-22,KITCHEN,
430.0,PLATE PLASTIC IMPACT BLACK 7 INCH,SYSCO,PACTIV CORP,1857376,CASE,8.0,125 CT,113.49,2025-08-13,KITCHEN,
431.0,POLENTA CORN MEAL,SYSCO,COLAVITA,2461644,CASE,6.0,1 LB,15.05,2025-07-25,KITCHEN,
432.0,POPCORN CHEDDAR WHITE LARGE,SYSCO,SMARTFOOD,6783417,CASE,64.0,1 OZ,45.75,2025-08-12,KITCHEN,
433.0,POTATO DICED COOKED RED SKIN-ON,SYSCO,CLASSIC,3094962,CASE,2.0,10 LB,25.43,2025-09-29,KITCHEN,
434.0,"POTATO FRY 3/8"" ULTIMATE CRISP",SYSCO,IMPERIAL,2032935,CASE,6.0,5 LB,54.65,2025-09-22,KITCHEN,
435.0,POTATO FRY CRISSCUT ORIGINAL BATTER,SYSCO,LAMB WESTON,1516350,CASE,6.0,4.5 LB,60.39,2025-08-29,KITCHEN,
436.0,POTATO FRY SWEET WAFFLE BATTERED,SYSCO,IMPERIAL,4390807,CASE,5.0,3 LB,46.4,2025-09-19,KITCHEN,
437.0,POTATO HASH BROWNS COOKED SKINLESS,SYSCO,CLASSIC,3009428,CASE,2.0,10 LB,21.8,2025-09-29,KITCHEN,
438.0,POTATO RED C-SIZE,SYSCO,IMPERIAL,8486896,CASE,1.0,50 LB,34.61,2025-09-23,KITCHEN,
439.0,POTATO UKON GOLD B SIZE #1,SYSCO,IMPERIAL,9903667,CASE,1.0,50 LB,25.88,2025-07-08,KITCHEN,
440.0,POTATO YUKON GOLD C SIZE #1,SYSCO,IMPERIAL,9903675,CASE,1.0,50 LB,63.31,2025-07-25,KITCHEN,
441.0,POWDER BAKING,SYSCO,CLASSIC,7082172,CASE,6.0,5 LB,12.29,2025-07-28,KITCHEN,
442.0,PUMPKIN SEED PEPITAS RAW,SYSCO,CLASSIC,7221968,CASE,1.0,5 LB,43.31,2025-09-26,KITCHEN,
443.0,RICE PARBOILED PERFECT,SYSCO,IMPERIAL,4671350,CASE,1.0,25 LB,29.95,2025-09-24,KITCHEN,
444.0,RINSE AID ADDITIVE SMARTPOWER,SYSCO,ECOLAB,4603308,CASE,2.0,2.5 LB,215.33,2025-09-09,KITCHEN,
445.0,ROLL BRIOCHE LOBSTER CLUSTER 6 INCH,SYSCO,FIREKING BAKING,626618,CASE,7.0,8 CT,40.48,2025-07-23,KITCHEN,
446.0,ROLL DINNER ASSORTED PARBAKED,SYSCO,LA BREA BAKERY,3591054,CASE,96.0,1.5 OZ,48.38,2025-09-30,KITCHEN,
447.0,SALMON ATLANTIC FILLET D SKIN-ON 2-3# CHILEAN,SYSCO,PORTICO,9161597,LB,1.0,10 LB,8.111,2025-07-18,KITCHEN,
448.0,SALSA JALAPENO FIRE ROASTED CA,SYSCO,CASA SOLANA,2724607,CASE,6.0,#10,56.86,2025-07-18,KITCHEN,
449.0,SALT PELLETS WATER SOFTENER,SYSCO,CLASSIC,5982582,CASE,1.0,50 LB,10.87,2025-07-18,KITCHEN,
450.0,SAUCE BARBEQUE ORIGINAL,SYSCO,SWEET BABY RAY'S,3369388,CASE,4.0,1 GAL,56.59,2025-10-22,KITCHEN,
451.0,SAUCE CHILI HOT SRIRACHA,SYSCO,HUY FONG,2451417,CASE,12.0,28 OZ,59.88,2025-08-27,KITCHEN,
452.0,SAUCE MARINARA CHUNKY,SYSCO,FULL-RED,7189296,CASE,6.0,#10,42.81,2025-09-30,KITCHEN,
453.0,SAUCE PESTO BASIL NO NUTS,SYSCO,ARREZZIO,5141502,CASE,6.0,30 OZ,80.32,2025-07-16,KITCHEN,
454.0,SAUCE PLUM,SYSCO,LA CHOY,4215331,CASE,1.0,1 GAL,23.88,2025-09-26,KITCHEN,
455.0,SAUCE STEAK GLASS,SYSCO,A.1. STEAK SAUCE,4007522,CASE,12.0,10 OZ,69.67,2025-08-29,KITCHEN,
456.0,SAUCE TARTAR HIDDEN COVE,SYSCO,IMPERIAL,4096368,CASE,4.0,1 GAL,18.2,2025-08-26,KITCHEN,
457.0,SAUCE WORCESTERSHIRE,SYSCO,LEA & PERRINS,4007852,CASE,24.0,5 OZ,59.8,2025-07-15,KITCHEN,
458.0,SAUSAGE LINKS 1 OZ,SYSCO,JIMMY DEAN,1494079,CASE,1.0,12 LB,48.39,2025-09-30,KITCHEN,
459.0,SAUSAGE PORK PATTIES COOKED MILD 1 OZ,SYSCO,CLASSIC,1589332,CASE,160.0,1 OZ,46.25,2025-07-11,KITCHEN,
460.0,SAUSAGE PORK PATTY WHOLE HOG RAW,SYSCO,IMPERIAL,3755709,CASE,128.0,1.5 OZ,48,2025-09-23,KITCHEN,
461.0,SEAFOOD MIX SENSATIONS,SYSCO,KING & PRINCE SEAFOOD,1059047,CASE,6.0,2 LB,74.84,2025-09-26,KITCHEN,
462.0,SEASONING ORIGINAL RANCH,SYSCO,HIDDEN VALLEY RANCH,2591438,CASE,6.0,16 OZ,75.55,2025-08-27,KITCHEN,
463.0,SESASONING OLD BAY,SYSCO,OLD BAY,7441916,CASE,6.0,24 OZ,16.52,2025-09-10,KITCHEN,
464.0,SHORTENING FRY CANOLA CLEAR ZERO TRANS FAT,SYSCO,CLASSIC,7626013,CASE,1.0,35 LB,43.48,2025-10-22,KITCHEN,
465.0,SHRIMP WHITE PEELED AND DEVEINED TAIL-ON 8/12 COUNT,SYSCO,PORTICO,2614693,CASE,4.0,2.5 LB,99.26,2025-10-22,KITCHEN,
466.0,SNACK BAR GRANOLA VARIETY 3 FLAVOR,SYSCO,NATURE VALLEY,7082091,CASE,1.0,70 CT,60.28,2025-08-27,KITCHEN,
467.0,SPICE NUTMEG GROUND,SYSCO,IMPERIAL,5229067,CASE,6.0,1 LB,21.28,2025-07-18,KITCHEN,
468.0,STEAK RIBEYE SHAVED,SYSCO,STEHOUWER,7392798,CASE,2.0,4.5 LB,64.84,2025-08-27,KITCHEN,
469.0,STEAK SIRLOIN TOP BASEBALL SKINNED,SYSCO,BUCKHEAD PRIDE,5255800,LB,24.0,8 OZ,20.016,2025-08-22,KITCHEN,
470.0,STIRRER PLASTIC STRAW BLACK,SYSCO,CLASSIC,8100982,CASE,1.0,8000 CT,16.92,2025-08-27,KITCHEN,
471.0,STRAW PLASTIC TURANSLUCENT JUMBO WRAPPED 7.75 I,SYSCO,CLASSIC,191567,CASE,24.0,500 CT,70.69,2025-08-27,KITCHEN,
472.0,SUGAR GRANULATED EXTRA FINE CANE,SYSCO,CLASSIC,5087572,CASE,1.0,25 LB,24.91,2025-10-22,BAKERY,
473.0,SYRUP CHOCOLATE SQUEEZE BOTTLE,SYSCO,HERSHEY,4441457,CASE,24.0,24 OZ,91.9,2025-09-26,KITCHEN,
474.0,SYRUP PANCAKE & WAFFLE,SYSCO,CLASSIC,4186086,CASE,1.0,1 GAL,52.74,2025-09-19,KITCHEN,
475.0,TOAST FRENCH STICK HEAT & SERVE,SYSCO,FARM RICH,1251461,CASE,5.0,2 LB,34.81,2025-10-22,KITCHEN,
476.0,TOMATO RSTD RED WEDGES,SYSCO,ARREZZIO,5224387,CASE,2.0,4 LB,51.19,2025-08-20,KITCHEN,
477.0,TOMATO RSTD YEL WEDGES,SYSCO,ARREZZIO,5224393,CASE,2.0,4 LB,59.26,2025-07-11,KITCHEN,
478.0,"TOMATO, DICED",SYSCO,FULL-RED,5031596,CASE,6.0,#10,37.7,2025-09-30,KITCHEN,
479.0,TOPPING HOT FUDGE MELLOWCREAM 60517,SYSCO,J.HUNGERFORD SMITH,4005211,CASE,6.0,127 OZ,118.05,2025-07-30,KITCHEN,
480.0,TORTILLA FLOUR PRESSED 6 INCHES,SYSCO,CASA SOLANA,2386134,CASE,24.0,12 CT,41.81,2025-09-16,KITCHEN,
481.0,TURKEY BREAST SLICED SMOKED .67 OUNCE,SYSCO,HORMEL,2477081,CASE,6.0,2 LB,78,2025-10-03,KITCHEN,
482.0,TURKEY BREAST SLICED WHOLE MUSCLE,SYSCO,HORMEL,8106833,CASE,6.0,2 LB,86.39,2025-09-29,KITCHEN,
483.0,"VEAL BONE HIND SHANK APPROXIMATELY 4""",SYSCO,BUTCHERS BLOCK RESERVE,7637499,LB,1.0,50 LB,5.14,2025-09-26,KITCHEN,
484.0,VEGETARIAN BLEND SWEET POTATO & ROASTED ROOT VEGETABLES,SYSCO,SUPREME,3617531,CASE,6.0,2.5 LB,48.98,2025-09-29,KITCHEN,
485.0,VINEGAR RICE UNSEASONED NO MSG,SYSCO,JADE MOUNTAIN,5109780,CASE,12.0,30 OZ,57.69,2025-07-28,KITCHEN,
486.0,VINEGAR SHERRY,SYSCO,COLUMELA (DRY),4965503,CASE,6.0,12.7 OZ,38.6,2025-08-29,KITCHEN,
487.0,VINEGAR WHITE DISTILLED 50 GRAIN,SYSCO,CLASSIC,4113049,CASE,4.0,1 GAL,18.25,2025-07-28,KITCHEN,
488.0,YOGURT PLAIN GREEK 5 PERCENT,SYSCO,CHOBANI,8890743,CASE,6.0,32 OZ,30.68,2025-08-27,KITCHEN,
489.0,YOGURT PLAIN GREEK NON-FAT,SYSCO,WHOLESOME FARMS,4360901,CASE,6.0,2 LB,26.02,2025-08-27,KITCHEN,
490.0,YOGURT RASPBERRY & PEACH ORIGINAL,SYSCO,YOPLAIT,5076587,CASE,48.0,4 OZ,29.74,2025-10-22,KITCHEN,
491.0,YOGURT STRAWBERRY & BANANA,SYSCO,YOPLAIT,5076595,CASE,48.0,4 OZ,29.74,2025-10-22,KITCHEN,
492.0,WHITEFISH FILLET SKIN-ON 8-10 OZ,SYSCO,IMPERIAL,7154654,CASE,,,94.95,2025-07-29,KITCHEN,Needs Review
493.0,,SYSCO,,4360893,,,,15.66,2025-07-29,KITCHEN,Needs Review
494.0,,SYSCO,,1962588,,,,57.94,2025-07-25,KITCHEN,Needs Review
495.0,,SYSCO,,8379270,,,,18.63,2025-07-25,KITCHEN,Needs Review
496.0,,SYSCO,,2161771,,,,64.11,2025-07-09,KITCHEN,Needs Review
497.0,APPETIZER PICKLE CHIPS BREADED,SYSCO,GOLDEN CRISP,8902239,CASE,6.0,2.5 LB,65.47,2025-08-19,SNACK BAR,
498.0,BAMBOO PICK KNOT 4.5 INCH,SYSCO,HANDGARD,3799024,CASE,10.0,100 CT,27.82,2025-08-08,SNACK BAR,
499.0,BEEF PATTY 80/20 ROUND FRESH,SYSCO,FIRE RIVER FARMS,7237013,CASE,42.0,5.33 OZ,77.66,2025-08-19,SNACK BAR,
500.0,BLEACH LIQUID GERMICIDAL ULTRA 6%,SYSCO,CLASSIC,1933074,CASE,6.0,128 OZ,26.58,2025-08-12,SNACK BAR,
501.0,BREAD BAGUETTE DEMI PAR BAKED,SYSCO,ACE BAKERY LTD,5484605,CASE,1.0,45 CT,34.53,2025-08-19,SNACK BAR,
502.0,BUN HAMBURGER GLUTEN FREE INDIVIDUALLY WRAPPED,SYSCO,UDI'S HEALTHY FOODS,758401,CASE,24.0,1 CT,34.2,2025-08-08,SNACK BAR,
503.0,BUN HAMBURGER PLAIN 4.5 WHITE,SYSCO,BAKER'S SOURCE,7223084,CASE,6.0,12 CT,27.01,2025-08-19,SNACK BAR,
504.0,CHEESE AMERICAN 120 SLICE,SYSCO,BLOCK & BARREL,5132234,CASE,4.0,5 LB,58.31,2025-09-26,KITCHEN,
505.0,CHEESE BLUE CRUMBLES,SYSCO,IMPERIAL,671677,CASE,2.0,5 LB,34.38,2025-07-25,SNACK BAR,
506.0,CHEESE CHEDDAR JACK FANCY SHREDDED,SYSCO,CASA SOLANA,2822379,CASE,4.0,5 LB,57.16,2025-08-19,SNACK BAR,
507.0,CHEESE CHEDDAR SHARP SLICED INTERLEAFED .75 YELLOW,SYSCO,BLOCK & BARREL,3554611,CASE,8.0,1.5 LB,44.26,2025-07-04,SNACK BAR,
508.0,CHEESE FETA CRUMBLED,SYSCO,IMPERIAL,135632,CASE,2.0,5 LB,33.04,2025-08-19,SNACK BAR,
509.0,CHEESE MOZZARELLA FRESH LOG SLICED CRYOVAC,SYSCO,ARREZZIO,4099418,CASE,8.0,1 LB,37.36,2025-09-29,KITCHEN,
510.0,CHEESE PARMESAN GRATED,SYSCO,ARREZZIO,7268538,CASE,2.0,5 LB,42.04,2025-07-25,SNACK BAR,
511.0,CHEESE PEPPER JACK SLI .75 OUNCE,SYSCO,GREAT LAKES CHEESE,7256901,CASE,6.0,1.5 LB,29.55,2025-07-15,SNACK BAR,
512.0,CHEESE QUESO QUESADILLA SHRED,SYSCO,PICA Y SALPICA,7223395,CASE,4.0,5 LB,77.82,2025-08-05,SNACK BAR,
513.0,CHEESE STICK MOZZARELLA BATTERED,SYSCO,CLASSIC,4084976,CASE,6.0,2 LB,61.66,2025-08-19,SNACK BAR,
514.0,CHICKEN BREAST BREADED FILETS RAW,SYSCO,CLASSIC,8666192,CASE,40.0,4 OZ,52.73,2025-07-16,SNACK BAR,
515.0,CHICKEN BREAST FAJITA FILETS STRIPS,SYSCO,BRAKEBUSH BROTHERS,3196938,CASE,2.0,5 LB,56.19,2025-09-16,KITCHEN,
516.0,CHICKEN BREAST FILETS GRILLED,SYSCO,TYSON FOODS,1804301,CASE,36.0,4.5 OZ,72,2025-08-15,SNACK BAR,
517.0,CHICKEN TENDERS BREADED GOLDEN FLAT LARGE,SYSCO,CLASSIC,1400464,CASE,2.0,5 LB,47.91,2025-08-27,SNACK BAR,
518.0,CHIP MULTIGRAIN GARDEN SALSA LARGE SINGLE SERVING,SYSCO,SUNCHIP,6799136,CASE,64.0,1.5 OZ,45.75,2025-08-08,SNACK BAR,
519.0,CHIP PITA PARMESAN GARLIC HERB,SYSCO,STACY'S,7160860,CASE,24.0,1.5 OZ,16.09,2025-08-08,SNACK BAR,
520.0,CHIP POTATO REGULAR LARGE SINGLE SERVING,SYSCO,LAYS,6725273,CASE,64.0,1.5 OZ,45.75,2025-08-19,SNACK BAR,
521.0,CHIP TORTILLA YELLOW ROUND,SYSCO,CASA SOLANA,7221908,CASE,30.0,3 OZ,22.32,2025-08-08,SNACK BAR,
522.0,CHIPS POTATO BBQ LARGE SINGLE SERVING,SYSCO,LAYS,6743441,CASE,64.0,1.5 OZ,45.75,2025-08-15,SNACK BAR,
523.0,CHIPS TORTILLA COOL RANCH LARGE SINGLE SERVING,SYSCO,DORITOS (FRITOLAY),6725401,CASE,64.0,1.75 OZ,45.75,2025-08-12,SNACK BAR,
524.0,CLEANER FLOOR SANITIZING WASH N WALK,SYSCO,KEYSTONE PRODUCTS,2514028,CASE,1.0,2.5 GAL,141.58,2025-07-22,SNACK BAR,
525.0,CONE CAKE #30 JACKETED SLEEVE,SYSCO,JOY,6275315,CASE,30.0,25 CT,97.6,2025-08-12,SNACK BAR,
526.0,CONTAINER FOAM ROUND WHITE SQUAT 8 OUNCE,SYSCO,CLASSIC,3291143,CASE,20.0,50 CT,45.28,2025-07-11,SNACK BAR,
527.0,CONTAINER PLASTIC CLEAR HINGED 8 INCH,SYSCO,CLASSIC,2310102,CASE,2.0,100 CT,53.07,2025-08-27,SNACK BAR,
528.0,COOKIE CRUMB OREO MEDIUM CRUNCH,SYSCO,NABISCO,6400051,CASE,4.0,2.5 LB,13.5,2025-08-12,SNACK BAR,
529.0,CRACKER CHEEZ-IT ORIGINAL SNACK,SYSCO,SUNSHINE,5538590,CASE,60.0,1.5 OZ,28.53,2025-10-22,KITCHEN,
530.0,CROISSANT BUTTER CURVED,SYSCO,BAKER'S SOURCE,5221155,CASE,4.0,12 CT,52.2,2025-08-15,SNACK BAR,
531.0,CROUTON SEASONED CUBED PACKET ZERO TRANS FAT,SYSCO,CLASSIC,7762299,CASE,250.0,.25 OZ,16.72,2025-08-12,SNACK BAR,
532.0,CUP FOAM 32 OUNCE PEDESTAL HORIZON,SYSCO,DART CONTAINER,3936754,CASE,25.0,16 CT,47.17,2025-08-08,SNACK BAR,
533.0,CUP PAPER COLD POLY-COATED 20 OUNCE,SYSCO,SYSCO TRENDZ,1993734,CASE,24.0,50 CT,128.69,2025-08-12,SNACK BAR,
534.0,CUP PLASTIC CLEAR RPET SQUAT 9 OUNCE,SYSCO,EARTH PLUS,7473299,CASE,15.0,65 CT,64.27,2025-07-25,SNACK BAR,
535.0,DETERGENT MACHINE SUPER TRUMP,SYSCO,ECOLAB,4350963,CASE,4.0,1 GAL,49.2,2025-07-08,SNACK BAR,
536.0,DIP HUMMUS TRADITIONAL,SYSCO,CLASSIC,9669151,CASE,4.0,3.75 LB,46.84,2025-09-26,KITCHEN,
537.0,DRESSING BLUE CHEESE PACKET,SYSCO,T. MARZETTI,5274964,CASE,120.0,1.5 OZ,37.78,2025-07-18,SNACK BAR,
538.0,DRESSING HONEY MUSTARD DIP CUP,SYSCO,HOUSE RECIPE,7132039,CASE,96.0,1.5 OZ,27.48,2025-07-25,SNACK BAR,
539.0,DRESSING RANCH CUP,SYSCO,T. MARZETTI,4939476,CASE,120.0,1 OZ,24.09,2025-08-19,SNACK BAR,
540.0,DRESSING RANCH HOMESTYLE,SYSCO,KEN'S,5590948,CASE,4.0,1 GAL,61.14,2025-08-19,SNACK BAR,
541.0,DRINK GRAPE FIERCE WIDE-MOUTH,SYSCO,GATORADE,1280239,CASE,24.0,20 OZ,25.06,2025-08-19,SNACK BAR,
542.0,DRINK ORANGE WIDE MOUTH PLASTIC READY TO DRINK,SYSCO,GATORADE,7468556,CASE,24.0,20 OZ,25.06,2025-07-28,SNACK BAR,
543.0,DRINK RASPBERRY COOL BLUE WIDE MOUTH READY TO,SYSCO,GATORADE,7468531,CASE,24.0,20 OZ,25.06,2025-08-05,SNACK BAR,
544.0,GLOVE NITRILE FOODSERVICE POWDER FREE BLACK LA,SYSCO,CLASSIC,4685614,CASE,10.0,100 CT,66.92,2025-08-11,SNACK BAR,
545.0,GLOVE NITRILE FOODSERVICE POWDER FREE BLACK ME,SYSCO,CLASSIC,4685594,CASE,10.0,100 CT,66.92,2025-10-22,KITCHEN,
546.0,GUACAMOLE FRESH SNACK PACK ORIGINAL HIGH PRESSURE PASTEURIZATION,SYSCO,CASA SOLANA,2748719,CASE,36.0,2 OZ,33.71,2025-07-25,SNACK BAR,
547.0,ICE CREAM BAR SUNDAE STRAWBERRY KRUNCH,SYSCO,BLUE RIBBON,2277267,CASE,2.0,24 CT,24.78,2025-08-19,SNACK BAR,
548.0,ICE CREAM SANDWICH CHIPS GALORE,SYSCO,BLUE BUNNY,1595487,CASE,24.0,4.5 OZ,30.47,2025-08-19,SNACK BAR,
549.0,ICE CREAM SANDWICH COOKIES & CREAM,SYSCO,BLUE BUNNY,2109783,CASE,24.0,4.5 OZ,30.47,2025-08-19,SNACK BAR,
550.0,JUICE APPLE 100% PET,SYSCO,CITAVO GROVE,7213726,CASE,24.0,10 OZ,24.5,2025-07-08,SNACK BAR,
551.0,KETCHUP PACKET FANCY,SYSCO,HEINZ,4136768,CASE,1000.0,9 G,36.24,2025-07-08,SNACK BAR,
552.0,KETCHUP PACKET FANCY FOIIL,SYSCO,HOUSE RECIPE,8747859,CASE,1000.0,9 G,33.06,2025-08-19,SNACK BAR,
553.0,"KIT CUTLERY FORK, KNIFE, SPOON/SALT AND PEPPER",SYSCO,CLASSIC,7183963,CASE,1.0,250 CT,35.39,2025-08-19,SNACK BAR,
554.0,LID PLAS 32OZ SLOT VENT,SYSCO,DART CONTAINER,7213494,CASE,10.0,100 CT,48.78,2025-07-08,SNACK BAR,
555.0,LID PLASTIC SLOT FOR24N/32AJ20,SYSCO,DART CONTAINER,5466750,CASE,10.0,100 CT,30.18,2025-07-18,SNACK BAR,
556.0,LINER BASKET GREEN CHECK 12X12,SYSCO,CLASSIC,7273300,CASE,1.0,2000 CT,67.11,2025-08-11,SNACK BAR,
557.0,"LINER TRASH 43""X46""",SYSCO,RELIANCE,1764521,CASE,100.0,56 GAL,41.64,2025-07-28,SNACK BAR,
558.0,MILK CHOCOLATE ULTRA PASTEURIZED PREMIUM,SYSCO,PRAIRIE FARMS DAIRY INC,7184272,CASE,12.0,14 OZ,15.49,2025-07-29,SNACK BAR,
559.0,MILK WHOLE ULTRA HIGH TEMPERATURE,SYSCO,PRAIRIE FARMS DAIRY INC,7214375,CASE,12.0,14 OZ,14.68,2025-07-16,SNACK BAR,
560.0,NAPKIN DISPENSER 13X12 1P NATURAL,SYSCO,EARTH PLUS,7266843,CASE,12.0,600 CT,72.39,2025-08-12,SNACK BAR,
561.0,OIL VEGETABLE PURE,SYSCO,CLASSIC,4119061,CASE,6.0,1 GAL,11.67,2025-08-11,SNACK BAR,
562.0,ONION RING BEER BATTERED THICK CUT,SYSCO,BREW CITY,9394420,CASE,6.0,2.5 LB,55.42,2025-08-11,SNACK BAR,
563.0,"PICKLE REFRIGERATED KOSHER DILL SLICED .25""",SYSCO,CLAUSSEN,1537711,CASE,1.0,5 GAL,60.45,2025-08-15,SNACK BAR,
564.0,PICKLE SLICED SWEET HOTTIES,SYSCO,COOL CRISP,353835,CASE,1.0,2 GAL,24.95,2025-08-15,SNACK BAR,
565.0,PRETZEL TINY TWISTS CLASSIC LARGE SINGLE SERVING,SYSCO,ROLD GOLD,6798845,CASE,64.0,2OZ,45.75,2025-08-08,SNACK BAR,
566.0,SALSA DIPPING CUP 3 OZ,SYSCO,RED GOLD,3363365,CASE,168.0,3 OZ,74.93,2025-07-18,SNACK BAR,
567.0,SANITIZER QUAT SOLID DISPENSER,SYSCO,KEYSTONE PRODUCTS,4461400,CASE,2.0,2 LB,113.24,2025-09-09,KITCHEN,
568.0,SAUCE BARBECUE DIP CUP,SYSCO,HOUSE RECIPE,3132032,CASE,200.0,1 OZ,28.34,2025-07-23,SNACK BAR,
569.0,SAUCE CHOCOLATE DESIGNER,SYSCO,LYONS MAGNUS,3341443,CASE,12.0,16 OZ,37.13,2025-07-04,SNACK BAR,
570.0,SAUCE MARINARA DIPPING CUP,SYSCO,ARREZZIO,7274658,CASE,96.0,2.5 OZ,41.91,2025-08-11,SNACK BAR,
571.0,SAUCE PEPPER CAYENNE RED HOT,SYSCO,FRANK'S REDHOT,7524051,EACH,1.0,1 GAL,,2025-09-02,KITCHEN,
572.0,SOFT SERVE CHOCOLATE PREMIUM FRESH,SYSCO,PRAIRIE FARMS DAIRY INC,4802007,CASE,2.0,2.5 GAL,45.93,2025-08-19,SNACK BAR,
573.0,SOFT SERVE VANILLA PREMIUM FRESH,SYSCO,PRAIRIE FARMS DAIRY INC,4801983,CASE,2.0,2.5 GAL,46.1,2025-08-19,SNACK BAR,
574.0,SPOON SOUP PLASTIC BLACK HEAVY FULL,SYSCO,IMPERIAL,8199178,CASE,1000.0,1 CT,61.11,2025-08-12,SNACK BAR,
575.0,TEA ICED SWEET WITH LEMON PURE LEAF,SYSCO,LIPTON,2131850,CASE,12.0,18.5 OZ,20.83,2025-07-08,SNACK BAR,
576.0,TOPPING M&M'S PLAIN CHOPPED,SYSCO,TR TOPPER,7217490,CASE,2.0,5 LB,52.14,2025-08-12,SNACK BAR,
577.0,TOPPING STRAWBERRY SLICED,SYSCO,CLASSIC,4925129,CASE,6.0,#5,14.81,2025-08-12,SNACK BAR,
578.0,TOWELETTE MOIST LEMON SCENT 8 INCH X 5 INCH,SYSCO,TRENDZ,834697,CASE,10.0,100 CT,16.39,2025-07-25,SNACK BAR,
579.0,TRAY FOOD PAPER RED PLAID 3 POUND,SYSCO,SYSCO RELIANCE,1998477,CASE,2.0,250 CT,38.35,2025-08-19,SNACK BAR,
580.0,TRAY FOOD PAPER RED PLAID 5 POUND,SYSCO,RELIANCE,1998499,CASE,2.0,250 CT,54.72,2025-08-19,SNACK BAR,
581.0,TRAY PAPER PULP CARRY OUT 4 CUP,SYSCO,EARTH PLUS,3574910,CASE,4.0,75 CT,58.09,2025-07-25,SNACK BAR,
582.0,TUNA WHITE ALBACORE SOLID WATER,SYSCO,PORTICO,8523995,CASE,6.0,66.5 OZ,129.88,2025-07-16,SNACK BAR,
583.0,TURKEY BREAST SLICED OVEN ROASTED .67 OUNCE,SYSCO,BLOCK & BARREL,7094280,CASE,4.0,2.5 LB,64.52,2025-08-19,SNACK BAR,
584.0,WATER SPRING,SYSCO,ICE MOUNTAIN,269688,CASE,24.0,20 OZ,10.64,2025-07-29,SNACK BAR,
585.0,WRAP TORTILLA FLOUR 12 INCH,SYSCO,LA BANDERITA,4049195,CASE,8.0,12 CT,25.07,2025-08-19,SNACK BAR,
586.0,,SYSCO,,4734775,,,,53.38,2025-07-25,SNACK BAR,Needs Review
587.0,,SYSCO,,4850223,,,,55.11,2025-07-18,SNACK BAR,Needs Review
588.0,ANCHOVY FILLET EASY OPEN TIN IN OLIVE OIL,SYSCO,ARREZZIO,4689212,CASE,1.0,13 OZ,$19.28 ,2025-08-22,,
589.0,APPETIZER CHEESE MACARONI WEDGES BATTERED,SYSCO,IMPERIAL,8270631,CASE,6.0,3 LB,$97.66 ,2025-08-01,,
590.0,APPETIZER PEPPER JALAPENO CREAM CHEESE BREADED,SYSCO,IMPERIAL,7107838,CASE,4.0,4 LB,$92.67 ,2025-08-11,,
591.0,APPETIZER PEPPER JALAPENO CREAM CHEESE OVENABLE,SYSCO,CLASSIC,7055239,CASE,6.0,2 LB,63.42,2025-09-26,KITCHEN,
592.0,APPETIZER TACO CHICKEN MINI,SYSCO,CASA SOLANA,2518785,CASE,4.0,4 LB,$86.52 ,2025-08-01,,
593.0,AVOCADO HASS FRESH CHUNK PULP,SYSCO,CASA SOLANA,8337503,CASE,8.0,2 LB,$88.55 ,2025-08-06,,
594.0,BEAN GREEN TRIMMED,SYSCO,IMPERIAL,1810910,CASE,2.0,5 LB,31.39,2025-09-12,KITCHEN,
595.0,BEAN REFRIED WITH LARD,SYSCO,STOKELY,2281709,CASE,6.0,#10,45.31,2025-09-19,KITCHEN,
596.0,BEANS BLACK WITH CORN FLAME ROASTED FIESTA,SYSCO,SIMPLOT ROASTWORKS,4273470,CASE,6.0,2.5 LB,$35.66 ,2025-08-12,,
597.0,BEEF BRISKET SMOKED WHOLE,SYSCO,CERTIFIED ANGUS BEEF,3575226,LB,2.0,6.5 LB,12.118,2025-09-17,KITCHEN,
598.0,BEEF CORNED SHAVED,SYSCO,GROBBEL,2432144,CASE,4.0,3 LB,$93.23 ,2025-08-19,,
599.0,BEEF FLANK 193,SYSCO,CERTIFIED ANGUS BEEF,8754319,LB,8.0,10 LB,$12.20 ,2025-08-01,,
600.0,BEEF PATTY CHUCK STEAKBURGER ROUND CAB,SYSCO,BUCKHEAD PRIDE,7201482,CASE,42.0,5.33 OZ,92.37,2025-10-22,KITCHEN,
601.0,BEEF ROAST TOP ROUND SLICED,SYSCO,BLOCK & BARREL,1962869,CASE,4.0,2.5 LB,$102.51 ,2025-08-19,,
602.0,"BEEF SIRLOIN TIPS 1"" X 1"" FROZEN",SYSCO,BUCKHEAD PRIDE,3051935,CASE,2.0, 5 LB ,$60.65 ,2025-08-22,,
603.0,BEEF TENDERLOIN CHAIN,SYSCO,BUTCHER'S BLOCK,9460106,LB,6.0,5 LB,29.936,2025-09-26,KITCHEN,
604.0,BLINTZ CHEESE CREPE 3 OZ,SYSCO,IMPERIAL,6996029,CASE,1.0,96 CT,118.35,2025-09-19,KITCHEN,
605.0,BRATWURST 4 PER # NATURAL CASING,SYSCO,CLASSIC,1044429,CASE,40.0,4 OZ,36.99,2025-09-23,KITCHEN,
606.0,BREAD BAGUETTE ARTISAN 23 INCH,SYSCO,BAKER'S SOURCE,7276163,CASE,18.0,14.1 OZ,$51.15 ,2025-08-20,,
607.0,BREAD NAAN TANDOORI TEARDROP,SYSCO,STONEFIRE,5960921,CASE,48.0,4.4 OZ,44.86,2025-09-29,KITCHEN,
608.0,BUN BRAT & SAUSAGE HINGED,SYSCO,BAKER'S SOURCE,7219684,CASE,8.0,8 CT,35.95,2025-09-23,KITCHEN,
609.0,BUN HAMBURGER CLASSIC 4.5,SYSCO,ACE BAKERY LTD,7267452,CASE,8.0,6 CT,29.27,2025-10-22,KITCHEN,
610.0,BUN HAMBURGER ROUND 4 2.1 OZ,SYSCO,BAKER'S SOURCE,7223074,CASE,10.0,12 CT,37.83,2025-09-23,KITCHEN,
611.0,BUN HMBRGR CLS SLIDER 3 INCH,SYSCO,ACE BAKERY LTD,7267449,CASE,6.0,30 CT,73.5,2025-09-26,KITCHEN,
612.0,BUN HOT DOG WHITE 6 HINGED,SYSCO,BAKER'S SOURCE,7223080,CASE,12.0,12 CT,$35.69 ,2025-08-15,,
613.0,BUN KAISER WHITE CORNDST 4.5 SLICED,SYSCO,BAKER'S SOURCE,7223085,CASE,6.0,12 CT,$33.61 ,2025-08-15,,
614.0,BUTTER CLARIFIED 4-5#,SYSCO,WHOLESOME FARMS,3029614,CASE,4.0,5 LB,$94.69 ,2025-08-22,,
615.0,CAKE FUNNEL FRIES,SYSCO,FUNNEL CAKE,6977005,CASE,1.0,600 CT,$53.47 ,2025-08-15,,
616.0,CALAMARI RINGS & TENTACLES DIPPED & DUSTED,SYSCO,TAMPA MAID,5304706,CASE,6.0,2 LB,129.85,2025-09-30,KITCHEN,
617.0,CANDY M&M'S PLAIN BULK,SYSCO,M&M,6080550,CASE,1.0,25 LB,105.94,2025-10-22,KITCHEN,
618.0,CAPERS NONPAREIL IMPORTED,SYSCO,IMPERIAL,5535679,CASE,12.0,16 OZ,$43.73 ,2025-08-12,,
619.0,CEREAL ASSORTED FAVORITE CUP PAK,SYSCO,KELLOGG'S,9234246,CASE,60.0,EA,$63.25 ,2025-08-04,,
620.0,CHEESE CHEDDAR MILD LOAF YELLOW,SYSCO,BLOCK & BARREL,2819098,CASE,2.0,5 LB,$36.22 ,2025-10-22,KITCHEN,
621.0,CHEESE CHEDDAR ORIGINAL SPREAD,SYSCO,WIN SCHULER,7186344,CASE,4.0,5 LB,$82.29 ,2025-08-13,,
622.0,CHEESE COTTAGE SMALL CURD 4%,SYSCO,WHOLESOME FARMS,5020896,CASE,2.0,5 LB,25.67,2025-09-22,KITCHEN,
623.0,CHEESE CREAM LOAF,SYSCO,WHOLESOME FARMS,1012566,CASE,10.0,3 LB,91.68,2025-09-22,KITCHEN,
624.0,CHEESE FETA PAIL,SYSCO,IMPERIAL,9768342,CASE,2.0,8 LB,50.87,2025-09-17,KITCHEN,
625.0,CHEESE GOUDA SMOKED,SYSCO,BLOCK & BARREL,2393049,LB,2.0,6 LB,4.88,2025-09-05,KITCHEN,
626.0,CHEESE HAVARTI WITH DILL,SYSCO,BLOCK & BARREL,2393023,LB,1.0,9 LB,$4.62 ,2025-08-01,,
627.0,CHEESE MONTEREY PEPPER JACK SLICED INTERLEAF,SYSCO,BLOCK & BARREL,3554553,CASE,8.0,1.5 LB,$43.54 ,2025-08-05,,
628.0,CHEESE MOZZARELLA LOW MOISTURE WHOLE MILK MOZZARELLA,SYSCO,SAPUTO FOODS LTD,350880,LB,8.0,6 LB,2.465,2025-07-11,,
629.0,CHEESE PROVOLONE NON-SMOKED SLICED .75 OUNCE,SYSCO,BLOCK & BARREL,3546386,CASE,8.0,1.5 LB,45.15,2025-10-22,KITCHEN,
630.0,CHICKEN 8PIECES BREADED HONEY STUNG PRE-COOKED,SYSCO,TYSON FOODS,4915561,CASE,1.0,15 LB,$46.87 ,2025-08-15,,
631.0,CHICKEN CVP WING WHOLE JUMBO HALAL,SYSCO,SANDERSON FARMS,7753862,CASE,1.0,40 LB,$92.80 ,2025-08-15,,
632.0,CHICKEN POPCORN ALL WHITE BREADED,SYSCO,BRAKEBUSH BROTHERS,3606712,CASE,2.0,5 LB,$38.07 ,2025-08-04,,
633.0,CHIP CORN SCOOP WALKING TACO,SYSCO,FRITOLAY,4940757,CASE,18.0,3.5 OZ,$28.33 ,2025-08-01,,
634.0,CHIP POTATO ORIGINAL KETTLE,SYSCO,BLOCK & BARREL,7221933,CASE,8.0,16 OZ,34.61,2025-09-19,KITCHEN,
635.0,CHIP TORTILLA TRI COLOR PREFRY,SYSCO,CASA SOLANA,9407057,CASE,6.0,2 LB,51.7,2025-09-26,KITCHEN,
636.0,COD ATLANTIC LOIN IQF 4 OUNCE ASIA,SYSCO,PORTICO,7036544,CASE,1.0,10 LB,111.34,2025-09-23,KITCHEN,
637.0,COD BATTERED BEER GUINNESS,SYSCO,HIGHLINER,2942728,CASE,1.0,10 LB,$84.11 ,2025-08-15,,
638.0,CORN DOG ALL MEAT 4 PER # HONEY BATTERED,SYSCO,CLASSIC,1111269,CASE,48.0,4 OZ,$45.03 ,2025-08-15,,
639.0,CORN STARCH,SYSCO,ARGO,4032991,CASE,24.0,1 LB,38.68,2025-09-30,KITCHEN,
640.0,CRACKER GOLDFISH WHOLE GRAIN,SYSCO,PEPPERIDGE FARM,6599405,CASE,300.0,0.75 OZ,$68.85 ,2025-08-05,,
641.0,CREAM SOUR PURE CUP GRADE A,SYSCO,WHOLESOME FARMS,5031836,CASE,100.0,1 OZ,$17.22 ,2025-08-01,,
642.0,CREAMER COFFEE CITAVO NON DAIRY ORIGINAL,SYSCO,CITAVO,7100285,CASE,384.0,9 ML,20.14,2025-10-22,KITCHEN,
643.0,DIP SPINACH ARTICHOKE,SYSCO,CLASSIC,4129340,CASE,4.0,5 LB,66.31,2025-10-22,KITCHEN,
644.0,DOUGH PASTRY PUFF SQUARE 5X5,SYSCO,BAKER'S SOURCE,7198010,CASE,120.0,2 OZ,$63.68 ,2025-10-22,KITCHEN,
645.0,DRESSING ASIAN SESAME,SYSCO,MARZETTI,3630324,CASE,4.0,1 GAL,$68.35 ,2025-08-11,,
646.0,DRESSING BALSAMIC VINAIGRETTE,SYSCO,KEN'S,7872328,CASE,4.0,1 GAL,58.1,2025-09-10,KITCHEN,
647.0,DRESSING CILANTRO VINAIGRETTE,SYSCO,IMPERIAL,9591264,CASE,2.0,1 GAL,31.92,2025-10-22,KITCHEN,
648.0,DRESSING GREEK FETA CHEESE,SYSCO,IMPERIAL,6475719,CASE,2.0,1 GAL,,2025-09-02,KITCHEN,
649.0,DRESSING HONEY MUSTARD DIJON,SYSCO,RELIANCE,8763898,CASE,4.0,1 GAL,75.88,2025-09-23,KITCHEN,
650.0,DUCK BREAST,SYSCO,MAPLE LEAF,7174697,LB,24.0,8 OZ,18.101,2025-10-22,KITCHEN,
651.0,GARLIC PEELED FRESH,SYSCO,IMPERIAL,1824537,CASE,1.0,5 LB,$43.60 ,2025-08-01,,
652.0,GRAPEFRUIT SECTION LT SYRUP,SYSCO,CLASSIC,2527836,CASE,1.0,8 LB,24.76,2025-09-09,KITCHEN,
653.0,HALIBUT FILLET SKIN-ON,SYSCO,PORTICO,2954772,LB,1.0,5 LB,21.116,2025-09-16,KITCHEN,
654.0,HAM PITT BONELESS FULLY COOKED,SYSCO,DEARBORN SAUSAGE,7401391,LB,3.0,15 LB,4.012,2025-09-10,KITCHEN,
655.0,HAM SMOKED SLICED .67 OUNCE,SYSCO,BLOCK & BARREL,1962976,CASE,4.0,2.5 LB,51.17,2025-09-26,KITCHEN,
656.0,HORSERADISH WHITE PREPARED,SYSCO,CLASSIC,9869108,CASE,6.0,32 OZ,$42.27 ,2025-08-22,,
657.0,ICE CREAM MOOSE TRACKS,SYSCO,HOUSE OF FLAVORS,2589018,CASE,1.0,3 GAL,$31.80 ,2025-08-08,,
658.0,ICE CREAM SORBETO RASPBERRY,SYSCO,HOUSE OF FLAVORS,7015506,CASE,1.0,3 GAL,$27.80 ,2025-08-12,,
659.0,ICE CREAM VANILLA BEAN,SYSCO,ASHBY'S,2727519,CASE,1.0,3 GAL,37.16,2025-09-12,BAKERY,
660.0,JUICE APPLE 100% ASEPTIC,SYSCO,CITAVO,6050116,CASE,12.0,46 OZ,$38.68 ,2025-08-22,,
661.0,JUICE GRAPEFRUIT 100% ASEPTIC,SYSCO,CITAVO,6050165,CASE,12.0,46 OZ,$53.32 ,2025-08-22,,
662.0,JUICE ORANGE,SYSCO,NATALIE'S,7302905,CASE,6.0,56 OZ,42.92,2025-09-05,KITCHEN,
663.0,JUICE PINEAPPLE 100% ASEPTIC,SYSCO,CITAVO,6050140,CASE,12.0,46 OZ,$45.28 ,2025-08-22,,
664.0,JUICE TOMATO,SYSCO,SACRAMENTO,393294,CASE,8.0,46 OZ,18.15,2025-09-30,KITCHEN,
665.0,KETCHUP FANCY,SYSCO,HOUSE RECIPE,5686266,CASE,6.0,#10,$46.67 ,2025-08-20,,
666.0,LOBSTER BODIES FROZEN,SYSCO,IMPERIAL,3011479,CASE,1.0,25 LB,$53.46 ,2025-08-20,,
667.0,MUSTARD FRENCH WHOLE GRAIN IN TIN,SYSCO,IMPERIAL,4064986,CASE,1.0,8.6 LB,$22.53 ,2025-08-20,,
668.0,MUSTARD YELLOW PREPARED,SYSCO,CLASSIC,4006797,CASE,1.0,1 GAL,$7.88 ,2025-08-20,,
669.0,NUT PISTACHIO RAW,SYSCO,CAPITOL,5529318,CASE,1.0,5 LB,$73.77 ,2025-08-13,,
670.0,OLIVES GREEN QUEEN PITTED 100/120 CT,SYSCO,IMPERIAL,7097100,CASE,1.0,1 GAL,43.57,2025-10-22,KITCHEN,
671.0,ONION RING TANGLERS FLOUR BREADED,SYSCO,MOORES,9474859,CASE,6.0,2 LB,$44.35 ,2025-08-15,,
672.0,PASTA PENNE RIGATE,SYSCO,BARILLA ITALIAN PASTA,7967946,CASE,2.0,10 LB,25,2025-09-30,KITCHEN,
673.0,PASTA RAVIOLI CHEESE SQUARE,SYSCO,ARREZZIO,7267052,CASE,3.0,3 LB,29.15,2025-09-30,KITCHEN,
674.0,PASTA SHELLS MEDIUM,SYSCO,PASTA LABELLA,4786943,CASE,2.0,10 LB,$26.31 ,2025-08-20,,
675.0,PATTY VEGETABLE BLACK BEAN SPICY,SYSCO,MORNINGSTAR FARMS,6196026,CASE,48.0,3.25 OZ,$69.49 ,2025-08-15,,
676.0,PECAN HALVES MEDIUM FANCY RAW,SYSCO,CLASSIC,7078389,CASE,1.0,5 LB,60.6,2025-09-26,KITCHEN,
677.0,PERCH FILLET YELLOW SPLIT MEDIUM,SYSCO,PORTICO,7154725,CASE,1.0,11 LB,$150.53 ,2025-08-08,,
678.0,PICKLE WHOLE KOSHER 60/65 CT,SYSCO,BLOCK & BARREL,5287194,CASE,1.0,5 GAL,32.07,2025-09-09,KITCHEN,
679.0,"POTATO FRY 3/8""",SYSCO,IMPERIAL,2032935,CASE,6.0,5 LB,$54.65 ,2025-08-05,,
680.0,POTATO FRY SKIN-ON WAFFLE,SYSCO,IMPERIAL,2000139,CASE,6.0,4.5 LB,$50.48 ,2025-10-22,KITCHEN,
681.0,POTATO HASH BROWN SIDE O BROWN 2.25 OZ,SYSCO,LAMB SUPREME,1257734,CASE,12.0,20 CT,83.51,2025-09-29,KITCHEN,
682.0,POTATO RED C-SIZE,SYSCO,IMPERIAL,8486896,CASE,1.0,50 LB,$34.61 ,2025-08-05,,
683.0,POTATO SLICED COOKED RUSSET SKINLESS,SYSCO,CLASSIC,3009697,CASE,2.0,10 LB,21.74,2025-09-30,KITCHEN,
684.0,PRETZEL TINY TWIST CLASSIC,SYSCO,ROLD GOLD,8083164,CASE,88.0,1 OZ,40.83,2025-10-22,KITCHEN,
685.0,RICE ARBORIO ITALIAN SUPERFINO,SYSCO,ARREZZIO,2145985,CASE,10.0,1 KG,65.44,2025-09-26,KITCHEN,
686.0,RICE JASMINE,SYSCO,JADE MOUNTAIN,9689688,CASE,1.0,25 LB,33.02,2025-09-19,KITCHEN,
687.0,SALMON FILLET BAY OF FUNDY,SYSCO,PORTICO,1039690,LB,1.0,10 LB,$8.50 ,2025-08-11,,
688.0,SALSA CHUNKY MILD AUTHENTIC,SYSCO,CASA SOLANA,7775693,CASE,4.0,135 OZ,$78.39 ,2025-08-19,,
689.0,SALSA JALAPENO FIRE ROASTED DICED,SYSCO,CASA SOLANA,7143211,CASE,6.0,#10,54.1,2025-09-19,KITCHEN,
690.0,SALT KOSHER FLAKE COARSE,SYSCO,CLASSIC,6040760,CASE,12.0,3 LB,55.57,2025-09-19,KITCHEN,
691.0,SANDWICH PEANUT BTR&STW WHEAT,SYSCO,UNCRUSTABLES,7250713,CASE,48.0,2.6 OZ,$44.38 ,2025-08-01,,
692.0,SAUCE CHILI SWEET THAI,SYSCO,MAE PLOY,1901992,CASE,12.0,32 OZ,$59.25 ,2025-10-22,KITCHEN,
693.0,SAUCE PEPPER CAYENNE RED HOT,SYSCO,FRANK'S REDHOT,4096418,CASE,24.0,5 OZ,$28.30 ,2025-08-05,,
694.0,SHALLOT FRESH,SYSCO,IMPERIAL,9582545,CASE,1.0,5 LB,$22.15 ,2025-08-01,,
695.0,"SHELL TACO YELLOW REGULAR 5""",SYSCO,MISSION FOODS,9887902,CASE,8.0,25 CT,21.17,2025-09-30,KITCHEN,
696.0,SHERBET RAINBOW,SYSCO,HOUSE OF FLAVORS,2588861,CASE,1.0,3 GAL,$20.88 ,2025-08-15,,
697.0,SHRIMP WHITE PEELED AND DEVEINED TAIL-OFF 51/60,SYSCO,PORTICO,7952526,CASE,4.0,2.5 LB,$53.47 ,2025-08-20,,
698.0,SHRIMP WHITE PEELED AND DEVEINED TAIL-ON 16/20,SYSCO,PORTICO,5107525,CASE,4.0,2.5 LB,69.23,2025-09-26,KITCHEN,
699.0,SNACK BAR RICE KRISPIES TREAT,SYSCO,KELLOGG'S,6092714,CASE,6.0,16 CT,,2025-09-02,KITCHEN,
700.0,SNACK FRUIT SCOOBY-DOO SHAPE,SYSCO,GENERAL MILLS,4673687,CASE,96.0,0.9 OZ,$34.22 ,2025-08-05,,
701.0,STEAK SIRLOIN TOP CENTER CUT 1/4 INCH CHOICE,SYSCO,BUCKHEAD PRIDE,6012613,LB,28.0,6 OZ,$8.58 ,2025-08-15,,
702.0,SUNFLOWER KERNEL OIL ROASTED SALTED,SYSCO,CLASSIC,4888293,CASE,1.0,5 LB,21.58,2025-09-26,KITCHEN,
703.0,TEA BAG ICED 1 OZ,SYSCO,LIPTON,4046264,CASE,4.0,24 CT,,2025-09-03,KITCHEN,
704.0,TEA HOT CHAMOMILE ROSE FILTER BAG US,SYSCO,TEAVANA,7068326,CASE,6.0,24 CT,$32.39 ,2025-08-04,,
705.0,TEA HOT EARL GREY FILTER BAG US,SYSCO,TEAVANA,7068321,CASE,6.0,24 CT,$32.39 ,2025-08-04,,
706.0,TEA HOT ENGLISH BREAKFAST FILTER BAG US,SYSCO,TEAVANA,7068336,CASE,6.0,24 CT,$32.39 ,2025-08-04,,
707.0,TEA HOT GREEN RADIANT FILTER BAG,SYSCO,TEAVANA,7068322,CASE,6.0,24 CT,$32.39 ,2025-08-04,,
708.0,TEA HOT MINT HARMONIC FILTER BAG,SYSCO,TEAVANA,7068348,CASE,6.0,24 CT,$32.39 ,2025-08-04,,
709.0,TOFU EXTRA FIRM CHINESE,SYSCO,HOUSE FOODS,5188131,CASE,12.0,12 OZ,19.1,2025-10-22,KITCHEN,
710.0,TOMATO DICED,SYSCO,FULL-RED,5031596,CASE,6.0,#10,$33.51 ,2025-08-01,,
711.0,TOMATO DICED 3/8 SALSA STYLE,SYSCO,CASA SOLANA,4978906,CASE,6.0,#10,$43.50 ,2025-08-01,,
712.0,TOMATO WHOLE PEELED SAN MARZANO,SYSCO,CARMELINA,9280371,CASE,6.0,91 OZ,$66.40 ,2025-08-20,,
713.0,TOPPING CARAMEL READY TO USE,SYSCO,CLASSIC,4821591,CASE,6.0,#5,$50.13 ,2025-08-22,,
714.0,TORTELLINI TRICOLOR CHEESE,SYSCO,PERFECT PASTA,7249796,CASE,2.0,5 LB,$36.42 ,2025-08-20,,
715.0,TORTILLA CORN WHITE FRYING 6 INCHES,SYSCO,CASA SOLANA,4219705,CASE,12.0,60 CT,$44.13 ,2025-08-08,,
716.0,TURKEY BREAST BONELESS RAW BAG 15%,SYSCO,PREMIUM,1782788,LB,2.0,9 LB,$4.50 ,2025-08-22,,
717.0,VINEGAR APPLE CIDER 50 GRAIN,SYSCO,CLASSIC,4069373,CASE,4.0,1 GAL,$37.22 ,2025-08-19,,
718.0,WALNUT HALVES AND PIECES,SYSCO,CAPITAL FOOD CO.,1438804,CASE,2.0,2.5 LB,$32.75 ,2025-08-01,,
719.0,WATER BOTTLED DRINKING,SYSCO,NIAGARA,9901029,CASE,40.0,16.9 OZ,$12.26 ,2025-08-04,,
720.0,WHITEFISH FILLET 10-12 OZ,SYSCO,IMPERIAL,1051339,CASE,1.0,10 LB,$81.06 ,2025-08-18,,
721.0,WRAP TORTILLA FLOUR 12 INCH,SYSCO,CLASSIC,2250581,CASE,6.0,12 CT,$20.92 ,2025-08-06,,
722.0,COFFEE BEAN DECAF DINER'S,VANEERDEN,PARAMOUNT,36691,CASE,2.0,5 LB,$110.22 ,2025-08-21,KITCHEN,
723.0,PICKLE CHIP SWEET HOTTIE,VANEERDEN,COOL CRISP,55417,CASE,2.0,1 GAL,$24.84 ,2025-08-21,KITCHEN,
724.0,CHICKEN BREAST BREADED PRECOOKED CRISPY,SYSCO,TYSON RED LABEL,8402170,CASE,46.0,3.5 OZ,33.67,2025-09-30,KITCHEN,
725.0,PASTA GEMELLI,SYSCO,BARILLA ITALIAN PASTA,8085888,CASE,2.0,10 LB,27.65,2025-09-30,KITCHEN,
726.0,SHRIMP PEELED&DEVEINED WHITE RAW 8/12 TAIL ON,SYSCO,PACKER,7190863,CASE,5.0,2 LB,103.47,2025-09-30,KITCHEN,
727.0,TURKEY BREAST BONELESS RAW FOIL 32%,SYSCO,CLASSIC,4347126,LB,2.0,9 LB,4.214,2025-09-30,KITCHEN,
728.0,EGG WHITE SUPER WHIPPED,SYSCO,WHOLESOME FARMS,1394618,CASE,6.0,5 LB,54.81,2025-09-30,BAKERY,
729.0,"TORTILLA FLOUR PRESSED 6""",SYSCO,CASA SOLANA,2272575,CASE,24.0,12 CT,26.17,2025-10-22,KITCHEN,
730.0,ENTREE LASAGNA MEAT,SYSCO,STOUFFER,1013986,CASE,4.0,6 LB,101.23,2025-09-30,KITCHEN,
731.0,EGGPLANT CUTLET BREADED,SYSCO,BERNARDI,6451611,CASE,1.0,10 LB,48.45,2025-09-30,KITCHEN,
732.0,BREAD BAGUETTE CRUSTY PARBAKED,SYSCO,SIGNATURE FOODS,5860097,CASE,25.0,8.75 OZ,36.65,2025-09-30,KITCHEN,
733.0,PORK LOIN BONELESS CENTER-CUT STRAP-OFF,SYSCO,BUTCHER'S BLOCK,5812296,LB,2.0,8 LB,2.38,2025-09-29,KITCHEN,
734.0,COVER BUN PAN RACK HIGH DENSITY 52 X 80 15 MICRON,SYSCO,CLASSIC,5854377,CASE,1.0,50 CT,24.61,2025-09-29,KITCHEN,
735.0,CIDER APPLE FRESH MICHIGAN,SYSCO,MICHIGAN GROWN PRODUCE,6671925,CASE,4.0,1 GAL,30,2025-09-26,KITCHEN,
736.0,"CAKE SHEET CHOCOLATE DOUBLE 12""X16""",SYSCO,CLASSIC,8728240,CASE,4.0,74 OZ,64.88,2025-09-26,BAKERY,
737.0,MUSTARD BROWN SPICY,SYSCO,CLASSIC,4713802,EACH,1.0,1 GAL,8.07,2025-09-26,KITCHEN,
738.0,CAKE SHEET CARROT 12 INCHES X 16 INCHES,SYSCO,CLASSIC,8727881,CASE,4.0,96 OZ,81.33,2025-09-26,BAKERY,
739.0,DOUGH ROLL CINNAMON PETITE,SYSCO,RICH'S PRODUCTS CORP,1069749,CASE,240.0,1.25 OZ,43.53,2025-09-26,BAKERY,
740.0,CAKE LEMON ITALIAN CREAM 12 SLICES,SYSCO,DIANNE'S GOURMET DESSERTS,3204791,CASE,2.0,66 OZ,75.78,2025-09-26,BAKERY,
741.0,MIX MUFFIN CORN COMPLETE,SYSCO,BAKER'S SOURCE,5912282,CASE,6.0,5 LB,70.39,2025-09-26,BAKERY,
742.0,BRATWURST SMOKED BACON CHEDDAR,SYSCO,NUESKE'S,7013658,CASE,12.0,1 LB,74.25,2025-09-26,KITCHEN,
743.0,SAUSAGE KNACKWURST COOKED 4X1,SYSCO,SCHALLER & WEBBER,7030509,LB,4.0,3 LB,7.173,2025-09-26,KITCHEN,
744.0,SAUSAGE PORK GERMAN,SYSCO,PILLERS (MEAT),1669314,LB,2.0,2.5 LB,8.989,2025-09-26,KITCHEN,
745.0,BEEF PATTY 80/20 CHUCK STEAKBURGER WIDE CAB,SYSCO,BUCKHEAD PRIDE,7201497,CASE,80.0,8 OZ,92.48,2025-10-22,KITCHEN,
746.0,SNACK MIX ORIGINAL SNAK-ENS,SYSCO,GARDETTO'S,5660816,CASE,1.0,10 LB,36.17,2025-09-26,KITCHEN,
747.0,SAUSAGE LANDJAEGER NATURAL,SYSCO,NUESKE'S,1439492,CASE,12.0,6 OZ,104.28,2025-09-26,KITCHEN,
748.0,SHRIMP BREADED BUTTERFLIED CLEANED WITH TAIL 21-25 PER # ASIA,SYSCO,PORTICO,5670290,CASE,4.0,3 LB,68.69,2025-09-26,KITCHEN,
749.0,DUMPLING SPAETZLE PRECOOKED FROZEN,SYSCO,T. MARZETTI,1541176,CASE,4.0,3 LB,29.69,2025-09-26,KITCHEN,
750.0,ROLL DINNER WHOLE WHEAT BAKED 1.5 OZ,SYSCO,ROTELLA,1429737,CASE,8.0,12 CT,31.14,2025-09-26,KITCHEN,
751.0,PIEROGI POTATO CHEESE,SYSCO,TURRIS ITALIAN FOODS,268736,CASE,2.0,6 LB,45.42,2025-09-26,KITCHEN,
752.0,PASTA GNOCHHI POTATO,SYSCO,PERFECT PASTA,7253510,CASE,2.0,5 LB,36.13,2025-09-26,KITCHEN,
753.0,PASTA GNOCCHI CHEESE,SYSCO,ARREZZIO,7265421,CASE,2.0,5 LB,38.33,2025-09-26,KITCHEN,
754.0,SAUERKRAUT SHREDDED FANCY,SYSCO,IMPERIAL,4189171,CASE,6.0,#10,50.91,2025-09-24,KITCHEN,
755.0,RICE BROWN PARBOILED WHOLE GRAIN QUICK COOK,SYSCO,IMPERIAL,3939380,CASE,1.0,25 LB,19.48,2025-09-24,KITCHEN,
756.0,PASTA TORTELLONI 4 CHEESE GLUTEN FREE,SYSCO,ARREZZIO,7188875,CASE,1.0,10 LB,63.91,2025-09-24,KITCHEN,
757.0,BEEF ROUND INSIDE TOP SPLIT & TIED CHOICE 1,SYSCO,BUTCHER'S BLOCK,1111913,LB,2.0,10 LB,6.22,2025-09-24,KITCHEN,
758.0,DOUGH PUFF PASTRY SLAB 10X15,SYSCO,BAKER'S SOURCE,7198009,CASE,20.0,12 OZ,64.25,2025-09-24,BAKERY,
759.0,DESSERT BAR LEMON,SYSCO,IMPERIAL,4689394,CASE,3.0,102 OZ,88.69,2025-09-24,BAKERY,
760.0,"CAKE COFFEE ASSORTMENT 10""",SYSCO,CLASSIC,4423950,CASE,4.0,54 OZ,96.88,2025-09-24,BAKERY,
761.0,VINEGAR BALSAMIC ITALY,SYSCO,ARREZZIO,5889654,CASE,2.0,5 LTR,41.85,2025-09-23,KITCHEN,
762.0,MEATBALL BEEF COOKED .5 OZ,SYSCO,FONTANINI,6661948,CASE,2.0,5 LB,60.9,2025-09-23,KITCHEN,
763.0,APPLESAUCE IN JUICE UNSWEETENED CUP,SYSCO,CLASSIC,1484106,CASE,72.0,4 OZ,36.7,2025-09-22,KITCHEN,
764.0,EGG YOLK LIQUID FRESH,SYSCO,PAPETTI'S,1777309,CASE,15.0,2 LB,63.31,2025-09-22,KITCHEN,
765.0,SALMON ATLANTIC SMOKED SLICED FILLET USA,SYSCO,PORTICO,3352820,LB,2.0,2.5 LB,13.685,2025-09-19,KITCHEN,
766.0,CAKE CHOCOLATE TORTE FLOURLESS,SYSCO,SWEET STREET,865275,CASE,2.0,"10""",65.34,2025-09-19,BAKERY,
767.0,BREAD MARBLE RYE DETROIT 5/8 INCH SLICED,SYSCO,MICHIGAN BREAD,4622330,CASE,4.0,48 OZ,30.78,2025-09-19,BAKERY,
768.0,"PIE SHELL UNBAKED 9""",SYSCO,WICK'S,1181627,CASE,18.0,9 IN,29.2,2025-09-19,BAKERY,
769.0,DOUGH COOKIE CHOCOLATE CHUNK,SYSCO,DAVID'S COOKIES,2572436,CASE,213.0,1.5 OZ,72.91,2025-09-19,BAKERY,
770.0,VINEGAR RED WINE 50 GRAIN,SYSCO,CLASSIC,4113056,CASE,4.0,1 GAL,40.57,2025-10-22,KITCHEN,
771.0,PEPPER PIQUANTE SWEET WHOLE MILD,SYSCO,PEPPADEW,304259,CASE,2.0,105 OZ,50.95,2025-09-19,KITCHEN,
772.0,SUGAR EXTRA FINE GRANULAR PACKET,SYSCO,CLASSIC,4000899,CASE,2000.0,.1 OZ,17.15,2025-09-17,KITCHEN,
773.0,DOUGH ROLL CINNAMON TWIRL,SYSCO,PILLSBURY BAKERIES,9233107,CASE,100.0,5 OZ,74.44,2025-09-17,BAKERY,
774.0,CHEESECAKE RASPBERRY WHITE CHOCOLATE,SYSCO,SWEET STREET,5174230,CASE,2.0,87 OZ,86.49,2025-09-17,BAKERY,
775.0,BREAD TEXAS TOAST WHITE SLICED,SYSCO,BAKER'S SOURCE,2452211,CASE,10.0,24 OZ,35.06,2025-09-15,KITCHEN,
776.0,SHALLOT PEELED FRESH,SYSCO,IMPERIAL,1821529,EACH,1.0,5 LB,33.76,2025-09-15,KITCHEN,
777.0,MEATBALL BEEF ITALIAN STYLE .5 OZ,SYSCO,ARREZZIO,7836562,CASE,2.0,5 LB,56.76,2025-09-15,KITCHEN,
778.0,OIL SESAME SEED PURE,SYSCO,LEE KUM KEE,4899373,EACH,1.0,1 GAL,52.64,2025-09-15,KITCHEN,
779.0,SUGAR SUBSTITUTE PACKET PINK,SYSCO,SWEET & LOW,2326140,CASE,1.0,3000 CT,28.98,2025-09-15,KITCHEN,
780.0,ALMOND NAUTRAL SLICED,SYSCO,CLASSIC,4645412,CASE,3.0,2 LB,63.93,2025-09-12,BAKERY,
781.0,JUICE ORANGE FRESH,SYSCO,ORCHID ISLAND,3148681,CASE,4.0,1 GAL,61.27,2025-09-12,KITCHEN,
782.0,BREAD CINNAMON SWIRL .75 INCH,SYSCO,BUN BASKET,2159994,CASE,10.0,18 OZ,47.81,2025-09-12,BAKERY,
783.0,CHEESE BRIE TIN DANISH,SYSCO,FRIENDSHIP CHEESES,8646038,CASE,12.0,4.5 OZ,39.15,2025-09-12,KITCHEN,
784.0,RICE BASMATI INTNL BENS,SYSCO,BEN'S ORIGINAL MCW RICE,7191045,CASE,2.0,5 LB,27.67,2025-09-12,KITCHEN,
785.0,SAUSAGE BULK ITALIAN MEDIUM HOT RAW,SYSCO,GRECO & SONS,7188787,CASE,2.0,10 LB,63.73,2025-09-12,KITCHEN,
786.0,APPETIZER SCALLOP BACON,SYSCO,PREMIUM,1237056,CASE,4.0,25 CT,128.13,2025-09-12,KITCHEN,
787.0,PRETZEL BAVARIAN BRAUHAUS BAKED,SYSCO,BRAUHAUS,4675584,CASE,12.0,10 OZ,37.49,2025-09-10,KITCHEN,
788.0,BREAD WHITE SOFT SANDWICH GLUTEN FREE,SYSCO,UDI'S HEALTHY FOODS,7040539,CASE,6.0,24 OZ,60.52,2025-09-10,KITCHEN,
789.0,TUNA YELLOWFIN SAKU 8-10 OUNCE INDONESIA,SYSCO,EMPEROR'S CHOICE (SEAFOOD),4434235,CASE,1.0,10 LB,133.03,2025-09-10,KITCHEN,
790.0,SAUCE TABASCO HOT,SYSCO,TABASCO,5102736,CASE,12.0,5 OZ,37.25,2025-09-10,KITCHEN,
791.0,COCONUT SHREDDED MEDIUM,SYSCO,CLASSIC,4510863,CASE,1.0,10 LB,27.51,2025-09-10,BAKERY,
792.0,CAKE ANGEL FOOD,SYSCO,SARA LEE,3019866,CASE,6.0,22 OZ,42.47,2025-09-10,BAKERY,
793.0,WALNUT HALVES & PIECES,SYSCO,CLASSIC,4888574,CASE,1.0,5 LB,60.01,2025-09-09,KITCHEN,
794.0,PEANUT DRY ROASTED SALTED BLANCHED,SYSCO,CLASSIC,4645438,CASE,3.0,2 LB,29.31,2025-09-09,KITCHEN,
795.0,PASTA PENNE RIGATE HEAVY WALL,SYSCO,PASTA LABELLA,4560967,CASE,2.0,10 LB,30.06,2025-09-09,KITCHEN,
796.0,TIE TWIST BAG WHITE 4 INCH,SYSCO,PACKER,8364341,CASE,1.0,2000 CT,52.38,2025-09-09,BAKERY,
797.0,MLIK COCONUT THAI KITCHEN CAN,SYSCO,THAI KITCHEN,7027820,EACH,1.0,96 OZ,23.27,2025-09-09,KITCHEN,
798.0,CHEESE COJITA QUESO GRATED,SYSCO,SUPREMO,7027846,CASE,6.0,2.2 LB,88.85,2025-09-09,KITCHEN,
799.0,BEAN GREAT NORTHERN,SYSCO,CLASSIC,4062360,CASE,6.0,#10,36.3,2025-09-09,KITCHEN,
800.0,"PAD SCOUR EXTRA-HEAVY NYLON 3.5"" X 6"" BLUE",SYSCO,SUPPLIES,5793922,CASE,1.0,20 CT,10.31,2025-09-05,KITCHEN,
801.0,CLOTH CHEESE REGULAR WEIGHT 36 INCH,SYSCO,CLASSIC,6410898,CASE,1.0,60 YD,73.01,2025-09-05,KITCHEN,
802.0,CHOCOLATE DARK CALLETS 53.1%,SYSCO,CALLEBAUT,1852981,CASE,1.0,10 KG,258.58,2025-09-05,BAKERY,
803.0,BREADSTICK GARLIC,SYSCO,BAKER'S SOURCE,7113567,CASE,120.0,1.75 OZ,38.51,2025-09-05,BAKERY,
804.0,CHEESE PEPPER JACK LOAF,SYSCO,BLOCK & BARREL,7016363,CASE,2.0,5 LB,35.85,2025-09-05,KITCHEN,
805.0,CHEESE CUBE COLBY JACK,SYSCO,SCHREIBER FOODS,7276532,CASE,4.0,5 LB,71.85,2025-09-05,KITCHEN,
806.0,CHEESE CHEDDAR WHITE SHARP MICHIGAN,SYSCO,FARM COUNTRY,605950,LB,2.0,5 LB,8.143,2025-09-05,KITCHEN,
807.0,SALAMI SPRESSATA MILD SMALL,SYSCO,MASTRO SALAMI,7188685,LB,4.0,3 LB,7.995,2025-09-05,KITCHEN,
808.0,ICE CREAM BLUE MOON,SYSCO,PACKER,2099315,EACH,1.0,3 GAL,25.85,2025-09-05,KITCHEN,
809.0,,,,7703440,,,,,2025-10-22,KITCHEN,Needs Review
810.0,,,,1899063,,,,,2025-10-22,KITCHEN,Needs Review
811.0,,,,7592348,,,,,2025-10-22,KITCHEN,Needs Review
812.0,,,,2306781,,,,,2025-10-22,KITCHEN,Needs Review
,,,,4788808,,,,,2025-09-09,BAKERY,Needs Review
,,,,1393511,,,,,2025-09-09,BAKERY,Needs Review
,,,,5667095,,,,,2025-09-09,KITCHEN,Needs Review
,,,,3802147,,,,,2025-09-03,KITCHEN,Needs Review
,,,,4765392,,,,,2025-09-03,KITCHEN,Needs Review
,,,,4468351,,,,,2025-09-03,BAKERY,Needs Review
,,,,3127495,,,,,2025-09-03,BAKERY,Needs Review
,,,,1096926,,,,,2025-09-03,BAKERY,Needs Review
,,,,151431,,,,,2025-09-02,KITCHEN,Needs Review
,,,,9442088,,,,,2025-09-02,KITCHEN,Needs Review
,,,,1557705,,,,,2025-09-02,KITCHEN,Needs Review
,,,,177730,,,,,2025-08-09,KITCHEN,Needs Review
,,,,236660,,,,,2025-08-09,KITCHEN,Needs Review
,,,,4720809,,,,,2025-08-09,KITCHEN,Needs Review
,,,,5468675,,,,,2025-08-09,KITCHEN,Needs Review
,,,,3693546,,,,,2025-08-09,KITCHEN,Needs Review
,,,,4482880,,,,,2025-08-09,KITCHEN,Needs Review
,,,,3722241,,,,,2025-08-09,KITCHEN,Needs Review
,,,,2101256,,,,,2025-08-09,KITCHEN,Needs Review
,,,,3502089,,,,,2025-08-09,KITCHEN,Needs Review
,,,,5282233,,,,,2025-08-09,KITCHEN,Needs Review
,,,,2559414,,,,,2025-08-09,KITCHEN,Needs Review
,,,,7372956,,,,,2025-08-09,KITCHEN,Needs Review
,,,,9785661,,,,,2025-08-09,BAKERY,Needs Review
