,VENDOR_CODE,PRICE,LAST_UPDATE,ACCOUNT,PAGE
132,7557301,,2025-09-09,KITCHEN,22
111,4788808,,2025-09-09,BAKERY,19
124,9887902,,2025-09-09,KITCHEN,21
123,4671350,,2025-09-09,KITCHEN,21
122,5287194,,2025-09-09,KITCHEN,21
121,4645438,,2025-09-09,KITCHEN,21
108,0234419,,2025-09-09,BAKERY,19
109,7125250,,2025-09-09,BAKERY,19
110,1393511,,2025-09-09,BAKERY,19
112,8364341,,2025-09-09,BAKERY,19
126,2386134,,2025-09-09,KITCHEN,21
113,4461400,,2025-09-09,KITCHEN,20
114,2527836,,2025-09-09,KITCHEN,20
115,6239523,,2025-09-09,KITCHEN,20
116,0255941,,2025-09-09,KITCHEN,21
117,7097100,,2025-09-09,KITCHEN,21
118,5429766,,2025-09-09,KITCHEN,21
119,6040885,,2025-09-09,KITCHEN,21
125,7626013,,2025-09-09,KITCHEN,21
120,4560967,,2025-09-09,KITCHEN,21
127,4888574,,2025-09-09,KITCHEN,21
140,4390807,,2025-09-09,KITCHEN,22
133,0808564,,2025-09-09,KITCHEN,22
134,5667095,,2025-09-09,KITCHEN,22
135,9460106,,2025-09-09,KITCHEN,22
136,7055239,,2025-09-09,KITCHEN,22
138,1309863,,2025-09-09,KITCHEN,22
139,4129340,,2025-09-09,KITCHEN,22
128,5854377,,2025-09-09,KITCHEN,21
141,2032935,,2025-09-09,KITCHEN,22
143,5844220,,2025-09-09,KITCHEN,22
144,4062360,,2025-09-09,KITCHEN,22
131,4603308,,2025-09-09,KITCHEN,21
130,3325884,,2025-09-09,KITCHEN,21
142,4093373,,2025-09-09,KITCHEN,22
129,1763853,,2025-09-09,KITCHEN,21
82,4179586,,2025-09-05,KITCHEN,14
88,7199860,,2025-09-05,KITCHEN,15
87,7940998,,2025-09-05,KITCHEN,15
86,7100285,,2025-09-05,KITCHEN,15
85,3009428,,2025-09-05,KITCHEN,14
84,7302905,,2025-09-05,KITCHEN,14
83,5793922,,2025-09-05,KITCHEN,14
79,7136869,,2025-09-05,KITCHEN,14
81,1823465,,2025-09-05,KITCHEN,14
80,4685594,,2025-09-05,KITCHEN,14
78,1423328,,2025-09-05,KITCHEN,14
77,6410898,,2025-09-05,KITCHEN,14
75,2145985,,2025-09-05,KITCHEN,14
90,4676280,,2025-09-05,KITCHEN,15
89,2099315,,2025-09-05,KITCHEN,15
107,7100252,,2025-09-05,KITCHEN,16
106,4828802,,2025-09-05,KITCHEN,16
105,7016363,,2025-09-05,KITCHEN,16
104,2491751,,2025-09-05,KITCHEN,16
103,2393049,,2025-09-05,KITCHEN,16
102,7276532,,2025-09-05,KITCHEN,16
101,8009714,,2025-09-05,KITCHEN,16
100,0605950,,2025-09-05,KITCHEN,16
99,3031442,,2025-09-05,KITCHEN,16
98,2510048,,2025-09-05,KITCHEN,15
73,4032991,,2025-09-05,KITCHEN,14
96,3196938,,2025-09-05,KITCHEN,15
95,5107525,,2025-09-05,KITCHEN,15
94,7188685,,2025-09-05,KITCHEN,15
93,0566838,,2025-09-05,KITCHEN,15
74,4200036,,2025-09-05,KITCHEN,14
70,9785601,,2025-09-05,BAKERY,13
72,1852981,,2025-09-05,BAKERY,13
69,9789686,,2025-09-05,BAKERY,13
68,1412642,,2025-09-05,BAKERY,13
67,7113567,,2025-09-05,BAKERY,13
66,7633096,,2025-09-05,BAKERY,13
65,1795574,,2025-09-05,BAKERY,13
64,7102253,,2025-09-05,BAKERY,13
71,4107247,,2025-09-05,BAKERY,13
34,0393294,,2025-09-03,KITCHEN,8
41,4046264,,2025-09-03,KITCHEN,8
39,3802147,,2025-09-03,KITCHEN,8
38,4765392,,2025-09-03,KITCHEN,8
37,7078389,,2025-09-03,KITCHEN,8
36,5686266,,2025-09-03,KITCHEN,8
35,4019139,,2025-09-03,KITCHEN,8
30,8106833,,2025-09-03,KITCHEN,8
33,0475394,,2025-09-03,KITCHEN,8
32,3374097,,2025-09-03,KITCHEN,8
29,7637499,,2025-09-03,KITCHEN,8
28,6322648,,2025-09-03,KITCHEN,8
27,8265585,,2025-09-03,KITCHEN,7
25,4685621,,2025-09-03,KITCHEN,7
42,4113056,,2025-09-03,KITCHEN,8
44,5055110,,2025-09-03,KITCHEN,9
45,1012566,,2025-09-03,KITCHEN,9
63,4468351,,2025-09-03,BAKERY,11
62,3127495,,2025-09-03,BAKERY,11
61,5087572,,2025-09-03,BAKERY,11
57,6648901,,2025-09-03,BAKERY,11
56,0865275,,2025-09-03,BAKERY,11
55,4622330,,2025-09-03,BAKERY,11
53,1357854,,2025-09-03,BAKERY,11
51,2366607,,2025-09-03,KITCHEN,9
50,7208096,,2025-09-03,KITCHEN,9
49,4686758,,2025-09-03,KITCHEN,9
48,7441314,,2025-09-03,KITCHEN,9
47,6935464,,2025-09-03,KITCHEN,9
60,1096926,,2025-09-03,BAKERY,11
12,6092714,,2025-09-02,KITCHEN,5
2,4240331,,2025-09-02,KITCHEN,5
23,6986178,,2025-09-02,KITCHEN,6
3,7393839,,2025-09-02,KITCHEN,5
4,5538590,,2025-09-02,KITCHEN,5
5,6475719,,2025-09-02,KITCHEN,5
6,4945721,,2025-09-02,KITCHEN,5
8,5934302,,2025-09-02,KITCHEN,5
9,0151431,,2025-09-02,KITCHEN,5
11,7524051,,2025-09-02,KITCHEN,5
7,9442088,,2025-09-02,KITCHEN,5
13,1557705,,2025-09-02,KITCHEN,5
15,3597911,,2025-09-02,KITCHEN,5
16,3289446,,2025-09-02,KITCHEN,5
17,1821537,,2025-09-02,KITCHEN,5
19,4230967,,2025-09-02,KITCHEN,6
20,7036544,,2025-09-02,KITCHEN,6
22,3928991,,2025-09-02,KITCHEN,6
14,4897290,,2025-09-02,KITCHEN,5
21,7792187,,2025-09-02,KITCHEN,6
467,1069749,,2025-08-09,BAKERY,67
463,4290474,,2025-08-09,BAKERY,67
464,7125242,,2025-08-09,BAKERY,67
465,7134864,,2025-08-09,BAKERY,67
466,6206619,,2025-08-09,BAKERY,67
471,9792771,,2025-08-09,BAKERY,67
468,9789934,,2025-08-09,BAKERY,67
472,5912282,,2025-08-09,BAKERY,67
461,7198009,,2025-08-09,BAKERY,66
473,5204383,,2025-08-09,BAKERY,67
462,1243351,,2025-08-09,BAKERY,67
452,1394618,,2025-08-09,BAKERY,66
460,1454479,,2025-08-09,BAKERY,66
459,7523145,,2025-08-09,BAKERY,66
456,4689394,,2025-08-09,BAKERY,66
455,4423950,,2025-08-09,BAKERY,66
475,7417779,,2025-08-09,BAKERY,68
474,4218998,,2025-08-09,BAKERY,67
486,8728240,,2025-08-09,BAKERY,68
476,6843268,,2025-08-09,BAKERY,68
477,1357847,,2025-08-09,BAKERY,68
504,4215331,,2025-08-09,KITCHEN,70
503,3369388,,2025-08-09,KITCHEN,70
501,7221968,,2025-08-09,KITCHEN,70
500,8083164,,2025-08-09,KITCHEN,70
498,7967946,,2025-08-09,KITCHEN,70
497,8085888,,2025-08-09,KITCHEN,70
496,8843195,,2025-08-09,KITCHEN,70
493,4713802,,2025-08-09,KITCHEN,70
491,9407057,,2025-08-09,KITCHEN,70
485,8727881,,2025-08-09,BAKERY,68
484,1617000,,2025-08-09,BAKERY,68
483,7209187,,2025-08-09,BAKERY,68
482,3204791,,2025-08-09,BAKERY,68
481,0234534,,2025-08-09,BAKERY,68
480,8381475,,2025-08-09,BAKERY,68
479,2451197,,2025-08-09,BAKERY,68
412,5889654,,2025-08-09,KITCHEN,61
411,8763898,,2025-08-09,KITCHEN,61
410,0779593,,2025-08-09,KITCHEN,61
408,1251461,,2025-08-09,KITCHEN,61
407,3591054,,2025-08-09,KITCHEN,61
406,7223074,,2025-08-09,KITCHEN,61
405,7219684,,2025-08-09,KITCHEN,61
403,7174697,,2025-08-09,KITCHEN,61
398,0177730,,2025-08-09,KITCHEN,57
397,0236660,,2025-08-09,KITCHEN,57
396,4720809,,2025-08-09,KITCHEN,57
395,5468675,,2025-08-09,KITCHEN,57
394,3693546,,2025-08-09,KITCHEN,57
393,4482880,,2025-08-09,KITCHEN,57
392,3722241,,2025-08-09,KITCHEN,57
391,2101256,,2025-08-09,KITCHEN,57
390,3502089,,2025-08-09,KITCHEN,57
389,5282233,,2025-08-09,KITCHEN,57
506,4888293,,2025-08-09,KITCHEN,70
415,8486896,,2025-08-09,KITCHEN,61
444,5109107,,2025-08-09,KITCHEN,65
442,0091449,,2025-08-09,KITCHEN,65
441,1934027,,2025-08-09,KITCHEN,64
440,4189171,,2025-08-09,KITCHEN,64
438,3939380,,2025-08-09,KITCHEN,64
434,7188875,,2025-08-09,KITCHEN,64
433,7253510,,2025-08-09,KITCHEN,64
430,5413606,,2025-08-09,KITCHEN,64
429,5812296,,2025-08-09,KITCHEN,64
428,1111913,,2025-08-09,KITCHEN,64
427,0055507,,2025-08-09,KITCHEN,63
423,3755709,,2025-08-09,KITCHEN,62
422,1494079,,2025-08-09,KITCHEN,62
421,6661948,,2025-08-09,KITCHEN,62
420,1044429,,2025-08-09,KITCHEN,62
419,7201482,,2025-08-09,KITCHEN,62
505,5660816,,2025-08-09,KITCHEN,70
578,6828448,,2025-08-09,KITCHEN,76
507,4441457,,2025-08-09,KITCHEN,70
594,4002408,,2025-08-09,KITCHEN,78
593,4002432,,2025-08-09,KITCHEN,78
591,5076587,,2025-08-09,KITCHEN,77
586,0873301,,2025-08-09,KITCHEN,77
585,4099418,,2025-08-09,KITCHEN,77
584,6261713,,2025-08-09,KITCHEN,77
580,2559414,,2025-08-09,KITCHEN,76
577,9591264,,2025-08-09,KITCHEN,76
575,3617531,,2025-08-09,KITCHEN,76
572,1257734,,2025-08-09,KITCHEN,76
571,5960921,,2025-08-09,KITCHEN,76
598,7189296,,2025-08-09,KITCHEN,78
614,1013986,,2025-08-09,KITCHEN,79
617,2272575,,2025-08-09,KITCHEN,79
615,7267052,,2025-08-09,KITCHEN,79
613,6451611,,2025-08-09,KITCHEN,79
600,5031596,,2025-08-09,KITCHEN,78
612,5860097,,2025-08-09,KITCHEN,79
610,4347126,,2025-08-09,KITCHEN,79
609,8402170,,2025-08-09,KITCHEN,79
608,7190863,,2025-08-09,KITCHEN,79
607,5304706,,2025-08-09,KITCHEN,79
605,7140938,,2025-08-09,KITCHEN,79
604,3009697,,2025-08-09,KITCHEN,78
603,7094209,,2025-08-09,KITCHEN,78
601,7808545,,2025-08-09,KITCHEN,78
508,5670290,,2025-08-09,KITCHEN,71
566,5076595,,2025-08-09,KITCHEN,76
535,1439492,,2025-08-09,KITCHEN,72
534,7030509,,2025-08-09,KITCHEN,72
532,1962976,,2025-08-09,KITCHEN,72
531,2557379,,2025-08-09,KITCHEN,72
530,7013658,,2025-08-09,KITCHEN,72
527,7201497,,2025-08-09,KITCHEN,72
526,0566709,,2025-08-09,KITCHEN,72
524,1429737,,2025-08-09,KITCHEN,71
522,0268736,,2025-08-09,KITCHEN,71
519,7265421,,2025-08-09,KITCHEN,71
517,1541176,,2025-08-09,KITCHEN,71
515,9669151,,2025-08-09,KITCHEN,71
514,7267449,,2025-08-09,KITCHEN,71
536,1669314,,2025-08-09,KITCHEN,72
565,5188131,,2025-08-09,KITCHEN,75
563,3094962,,2025-08-09,KITCHEN,75
562,3865730,,2025-08-09,KITCHEN,75
560,6297594,,2025-08-09,KITCHEN,75
557,6787774,,2025-08-09,KITCHEN,75
555,0205419,,2025-08-09,KITCHEN,75
539,4488276,,2025-08-09,KITCHEN,72
551,4520623,,2025-08-09,KITCHEN,75
550,4069926,,2025-08-09,KITCHEN,75
549,4185775,,2025-08-09,KITCHEN,74
545,5438874,,2025-08-09,KITCHEN,73
544,3554569,,2025-08-09,KITCHEN,73
543,2520415,,2025-08-09,KITCHEN,73
542,2822338,,2025-08-09,KITCHEN,73
541,5132234,,2025-08-09,KITCHEN,73
540,1059047,,2025-08-09,KITCHEN,72
387,0948737,,2025-08-09,KITCHEN,56
314,2423238,,2025-08-09,BAKERY,47
385,1827433,,2025-08-09,KITCHEN,56
263,8003370,,2025-08-09,KITCHEN,40
231,7222414,,2025-08-09,KITCHEN,33
230,8646038,,2025-08-09,KITCHEN,33
229,7191045,,2025-08-09,KITCHEN,32
226,1535368,,2025-08-09,KITCHEN,32
225,6996029,,2025-08-09,KITCHEN,32
224,1237056,,2025-08-09,KITCHEN,32
218,7188787,,2025-08-09,KITCHEN,32
212,1312743,,2025-08-09,KITCHEN,31
211,3148681,,2025-08-09,KITCHEN,31
210,1810910,,2025-08-09,KITCHEN,31
208,7435266,,2025-08-09,KITCHEN,31
206,4186086,,2025-08-09,KITCHEN,31
232,1140427,,2025-08-09,KITCHEN,33
233,3546386,,2025-08-09,KITCHEN,33
260,7110474,,2025-08-09,KITCHEN,40
254,7836562,,2025-08-09,KITCHEN,38
245,1821529,,2025-08-09,KITCHEN,36
204,7143211,,2025-08-09,KITCHEN,31
203,4645412,,2025-08-09,BAKERY,30
170,7872328,,2025-08-09,KITCHEN,25
169,5495460,,2025-08-09,KITCHEN,25
167,4675584,,2025-08-09,KITCHEN,25
166,7040539,,2025-08-09,KITCHEN,25
165,6944334,,2025-08-09,KITCHEN,25
162,4434235,,2025-08-09,KITCHEN,25
160,7401391,,2025-08-09,KITCHEN,25
156,1555313,,2025-08-09,KITCHEN,24
152,7027820,,2025-08-09,KITCHEN,23
148,7027846,,2025-08-09,KITCHEN,23
147,3546369,,2025-08-09,KITCHEN,23
173,5102736,,2025-08-09,KITCHEN,25
200,9788936,,2025-08-09,BAKERY,30
194,2473425,,2025-08-09,BAKERY,30
193,2159994,,2025-08-09,BAKERY,30
191,2727519,,2025-08-09,BAKERY,30
189,4510863,,2025-08-09,BAKERY,27
174,7441916,,2025-08-09,KITCHEN,25
184,3019866,,2025-08-09,BAKERY,27
177,5020896,,2025-08-09,KITCHEN,26
262,4358958,,2025-08-09,KITCHEN,40
384,6080550,,2025-08-09,KITCHEN,56
265,6671925,,2025-08-09,KITCHEN,40
350,5083944,,2025-08-09,KITCHEN,51
348,6045371,,2025-08-09,KITCHEN,51
347,2281709,,2025-08-09,KITCHEN,51
339,3352820,,2025-08-09,KITCHEN,51
335,0055493,,2025-08-09,KITCHEN,49
328,1853845,,2025-08-09,BAKERY,48
371,7372956,,2025-08-09,KITCHEN,55
383,4062337,,2025-08-09,KITCHEN,56
382,1484106,,2025-08-09,KITCHEN,56
378,7267452,,2025-08-09,KITCHEN,56
365,6783417,,2025-08-09,KITCHEN,55
326,2572436,,2025-08-09,BAKERY,48
279,3575226,,2025-08-09,KITCHEN,43
271,2954772,,2025-08-09,KITCHEN,41
292,4000899,,2025-08-09,KITCHEN,43
323,8554990,,2025-08-09,BAKERY,48
309,6281497,,2025-08-09,BAKERY,45
313,1181627,,2025-08-09,BAKERY,47
311,9785661,,2025-08-09,BAKERY,47
308,9233107,,2025-08-09,BAKERY,45
307,2437176,,2025-08-09,BAKERY,45
303,5174230,,2025-08-09,BAKERY,45
296,9768342,,2025-08-09,KITCHEN,44
